,date,campaign,spend
1,2020-05-24,facebook_5_B,17.023799999999998
2,2020-05-24,facebook_5_D,1.7034000000000002
3,2020-05-24,instagram_5_B,14.892000000000001
4,2020-05-24,instagram_5_D,1.6116000000000001
6,2020-05-25,facebook_5_B,22.6644
7,2020-05-25,facebook_5_D,8.2314
8,2020-05-25,instagram_5_B,12.964200000000002
9,2020-05-25,instagram_5_D,6.109799999999999
11,2020-05-26,facebook_5_B,19.084200000000003
12,2020-05-26,facebook_5_D,33.1704
13,2020-05-26,instagram_5_B,4.794
14,2020-05-26,instagram_5_D,8.6394
17,2020-05-27,facebook_5_B,37.434
18,2020-05-27,facebook_5_D,49.928999999999995
19,2020-05-27,instagram_5_B,15.422400000000001
20,2020-05-27,instagram_5_D,20.247000000000003
23,2020-05-28,facebook_5_B,11.3628
24,2020-05-28,facebook_5_D,29.0561637
25,2020-05-28,instagram_5_B,9.4656
26,2020-05-28,instagram_5_D,37.53965058
28,2020-05-29,facebook_5_B,7.8846
29,2020-05-29,facebook_5_D,74.6538
30,2020-05-29,instagram_5_B,4.2126
31,2020-05-29,instagram_5_D,30.2328
34,2020-05-30,facebook_5_B,7.874399999999999
35,2020-05-30,facebook_5_D,75.2454
36,2020-05-30,instagram_5_B,5.987399999999999
37,2020-05-30,instagram_5_D,33.8028
40,2020-05-31,facebook_5_B,9.9246
41,2020-05-31,facebook_5_D,59.65980000000002
42,2020-05-31,instagram_5_B,15.4836
43,2020-05-31,instagram_5_D,47.297399999999996
46,2020-06-01,facebook_5_B,30.1104
47,2020-06-01,facebook_5_D,316.16940000000005
48,2020-06-01,instagram_5_B,13.229399999999998
49,2020-06-01,instagram_5_D,134.72160000000002
52,2020-06-02,facebook_5_B,23.429399999999998
53,2020-06-02,facebook_5_D,420.81120000000004
54,2020-06-02,instagram_5_B,7.446
55,2020-06-02,instagram_5_D,82.0692
58,2020-06-03,facebook_5_B,16.6872
59,2020-06-03,facebook_5_D,380.5926
60,2020-06-03,instagram_5_B,8.1804
61,2020-06-03,instagram_5_D,95.98200000000003
64,2020-06-04,facebook_5_B,30.518400000000003
65,2020-06-04,facebook_5_D,400.8192
66,2020-06-04,instagram_5_B,16.064999999999998
67,2020-06-04,instagram_5_D,100.83720000000002
70,2020-06-05,facebook_5_B,32.3544
71,2020-06-05,facebook_5_D,397.42260000000005
72,2020-06-05,instagram_5_B,14.1576
73,2020-06-05,instagram_5_D,95.5128
76,2020-06-06,facebook_5_B,30.0288
77,2020-06-06,facebook_5_D,342.49265525999994
78,2020-06-06,instagram_5_B,16.6668
79,2020-06-06,instagram_5_D,108.32692434
82,2020-06-07,facebook_5_B,99.58260000000001
83,2020-06-07,facebook_5_D,80.42699999999999
84,2020-06-07,instagram_5_B,45.2166
85,2020-06-07,instagram_5_D,76.8162
88,2020-06-08,facebook_5_B,118.32000000000001
89,2020-06-08,facebook_5_D,94.62539999999998
90,2020-06-08,instagram_5_B,38.9844
91,2020-06-08,instagram_5_D,103.46880000000002
93,2020-06-09,facebook_5_B,128.8974
94,2020-06-09,facebook_5_D,107.75279999999998
95,2020-06-09,instagram_5_B,30.028800000000004
96,2020-06-09,instagram_5_D,87.7404
99,2020-06-10,facebook_5_B,186.8742
100,2020-06-10,facebook_5_D,106.2636
101,2020-06-10,instagram_5_B,38.7396
102,2020-06-10,instagram_5_D,95.69640000000001
105,2020-06-11,facebook_5_B,95.84940000000002
106,2020-06-11,facebook_5_D,101.96940000000002
107,2020-06-11,instagram_5_B,33.8028
108,2020-06-11,instagram_5_D,104.4072
111,2020-06-12,facebook_5_B,80.1924
112,2020-06-12,facebook_5_D,72.25679999999998
113,2020-06-12,instagram_5_B,84.24180000000001
114,2020-06-12,instagram_5_D,125.71500000000002
116,2020-06-13,facebook_5_B,76.88759999999999
117,2020-06-13,facebook_5_D,55.977599999999995
118,2020-06-13,instagram_5_B,97.0428
119,2020-06-13,instagram_5_D,161.2314
122,2020-06-14,facebook_5_B,88.32180000000002
123,2020-06-14,facebook_5_D,85.71059999999999
124,2020-06-14,instagram_5_B,88.179
125,2020-06-14,instagram_5_D,116.94300000000003
128,2020-06-15,facebook_5_B,94.38060000000003
129,2020-06-15,facebook_5_D,88.92360000000001
130,2020-06-15,instagram_5_B,98.12400000000002
131,2020-06-15,instagram_5_D,108.936
134,2020-06-16,facebook_5_B,77.3058
135,2020-06-16,facebook_5_D,68.3196
136,2020-06-16,instagram_5_B,85.5984
137,2020-06-16,instagram_5_D,136.6494
140,2020-06-17,facebook_5_B,66.27959999999999
141,2020-06-17,facebook_5_D,40.87140000000001
142,2020-06-17,instagram_5_B,83.08919999999999
143,2020-06-17,instagram_5_D,163.0164
146,2020-06-18,facebook_5_B,51.255
147,2020-06-18,facebook_5_D,18.9516
148,2020-06-18,instagram_5_B,109.68060000000001
149,2020-06-18,instagram_5_D,164.7606
151,2020-06-19,facebook_5_B,71.1144
152,2020-06-19,facebook_5_D,111.6288
153,2020-06-19,instagram_5_B,224.07360000000003
154,2020-06-19,instagram_5_D,136.41479999999999
157,2020-06-20,facebook_5_B,93.8808
158,2020-06-20,facebook_5_D,134.33178966
159,2020-06-20,instagram_5_B,220.677
160,2020-06-20,instagram_5_D,135.01961033999999
163,2020-06-21,facebook_5_B,109.5582
164,2020-06-21,facebook_5_D,121.05359999999999
165,2020-06-21,instagram_5_B,198.68579999999997
166,2020-06-21,instagram_5_D,124.54200000000002
169,2020-06-22,facebook_5_B,104.52960000000002
170,2020-06-22,facebook_5_D,102.74459999999998
171,2020-06-22,instagram_5_B,192.6168
172,2020-06-22,instagram_5_D,120.7986
175,2020-06-23,facebook_5_B,82.67099999999999
176,2020-06-23,facebook_5_D,85.94519999999999
177,2020-06-23,instagram_5_B,222.6864
178,2020-06-23,instagram_5_D,126.17400000000002
181,2020-06-24,facebook_5_B,112.77120000000002
182,2020-06-24,facebook_5_D,104.34600000000002
183,2020-06-24,instagram_5_B,252.04200000000003
184,2020-06-24,instagram_5_D,136.21080000000003
187,2020-06-25,facebook_5_B,163.91399999999996
188,2020-06-25,facebook_5_D,101.29619999999998
189,2020-06-25,instagram_5_B,203.66339999999997
190,2020-06-25,instagram_5_D,134.28300000000002
192,2020-06-26,facebook_5_B,170.2992
193,2020-06-26,facebook_5_D,81.69179999999999
194,2020-06-26,instagram_5_B,246.41160000000002
195,2020-06-26,instagram_5_D,89.6274
197,2020-06-27,facebook_5_B,268.12739999999997
198,2020-06-27,facebook_5_D,95.0538
199,2020-06-27,instagram_5_B,181.28459999999998
200,2020-06-27,instagram_5_D,95.04360000000001
202,2020-06-28,facebook_5_B,407.0105999999999
203,2020-06-28,facebook_5_D,119.44200000000001
204,2020-06-28,instagram_5_B,140.4336
205,2020-06-28,instagram_5_D,119.39100000000002
207,2020-06-29,facebook_5_B,425.6459999999999
208,2020-06-29,facebook_5_D,124.4298
209,2020-06-29,instagram_5_B,124.10340000000001
210,2020-06-29,instagram_5_D,121.6554
212,2020-06-30,facebook_5_B,434.7443999999999
213,2020-06-30,facebook_5_D,121.0536
214,2020-06-30,instagram_5_B,127.85699999999997
215,2020-06-30,instagram_5_D,128.4282
217,2020-07-01,facebook_5_B,512.55
218,2020-07-01,facebook_5_D,123.9198
219,2020-07-01,instagram_5_B,132.12060000000002
220,2020-07-01,instagram_5_D,135.73140000000004
222,2020-07-02,facebook_5_B,464.45699999999994
223,2020-07-02,facebook_5_D,120.3396
224,2020-07-02,instagram_5_B,147.55320000000003
225,2020-07-02,instagram_5_D,136.15980000000002
227,2020-07-03,facebook_5_B,516.8376148799998
228,2020-07-03,facebook_5_D,128.1018
229,2020-07-03,instagram_5_B,230.00636064
230,2020-07-03,instagram_5_D,100.98
232,2020-07-04,facebook_5_B,572.5361999999996
233,2020-07-04,facebook_5_D,131.8248
234,2020-07-04,instagram_5_B,187.21080000000003
235,2020-07-04,instagram_5_D,94.401
236,2020-07-05,facebook_5_B,569.5068
237,2020-07-05,facebook_5_D,143.76899999999998
238,2020-07-05,instagram_5_B,206.1828
239,2020-07-05,instagram_5_D,97.8996
241,2020-07-06,facebook_5_B,665.8253999999997
242,2020-07-06,facebook_5_D,138.975
243,2020-07-06,instagram_5_B,248.72699999999998
244,2020-07-06,instagram_5_D,93.81960000000001
246,2020-07-07,facebook_5_B,650.7803999999999
247,2020-07-07,facebook_5_D,147.37980000000002
248,2020-07-07,instagram_5_B,233.09040000000002
249,2020-07-07,instagram_5_D,87.88320000000003
251,2020-07-08,facebook_5_B,596.0676
252,2020-07-08,facebook_5_D,156.81479999999996
253,2020-07-08,instagram_5_B,274.4616
254,2020-07-08,instagram_5_D,88.60740000000003
256,2020-07-09,facebook_5_B,800.1594000000001
257,2020-07-09,facebook_5_D,195.8298
258,2020-07-09,instagram_5_B,250.32840000000004
259,2020-07-09,instagram_5_D,88.01580000000001
261,2020-07-10,facebook_5_B,827.1077999999998
262,2020-07-10,facebook_5_D,202.05180000000001
263,2020-07-10,instagram_5_B,294.9738
264,2020-07-10,instagram_5_D,92.4528
266,2020-07-11,facebook_5_B,918.1632000000003
267,2020-07-11,facebook_5_D,216.10739999999998
268,2020-07-11,instagram_5_B,261.19139999999993
269,2020-07-11,instagram_5_D,96.2778
271,2020-07-12,facebook_5_B,899.3238000000005
272,2020-07-12,facebook_5_D,235.06920000000002
273,2020-07-12,instagram_5_B,373.71780000000007
274,2020-07-12,instagram_5_D,88.995
276,2020-07-13,facebook_5_B,948.6101999999998
277,2020-07-13,facebook_5_D,259.60020000000003
278,2020-07-13,instagram_5_B,297.69720000000007
279,2020-07-13,instagram_5_D,87.312
281,2020-07-14,facebook_5_B,898.1245309199996
282,2020-07-14,facebook_5_D,287.14019999999994
283,2020-07-14,instagram_5_B,337.05466908
284,2020-07-14,instagram_5_D,101.80620000000002
286,2020-07-15,facebook_5_B,807.8342125200002
287,2020-07-15,facebook_5_D,286.97700000000003
288,2020-07-15,instagram_5_B,440.31938849999995
289,2020-07-15,instagram_5_D,110.9454
291,2020-07-16,facebook_5_B,822.5774924399998
292,2020-07-16,facebook_5_D,291.33240000000006
293,2020-07-16,instagram_5_B,437.3468994
294,2020-07-16,instagram_5_D,112.3224
297,2020-07-17,facebook_5_B,906.6473999999998
298,2020-07-17,facebook_5_D,304.3986
299,2020-07-17,instagram_5_B,386.8452
300,2020-07-17,instagram_5_D,110.36399999999999
303,2020-07-18,facebook_5_B,851.2103999999996
304,2020-07-18,facebook_5_D,314.2518
305,2020-07-18,instagram_5_B,473.586
306,2020-07-18,instagram_5_D,127.4592
309,2020-07-19,facebook_5_B,567.9258
310,2020-07-19,facebook_5_D,274.64520000000005
311,2020-07-19,instagram_5_B,683.5326000000002
312,2020-07-19,instagram_5_D,120.5946
315,2020-07-20,facebook_5_B,729.8068420799998
316,2020-07-20,facebook_5_D,297.1619346000001
317,2020-07-20,instagram_5_B,552.0067569000001
318,2020-07-20,instagram_5_D,109.94046540000001
320,2020-07-21,facebook_5_B,815.8326475799998
321,2020-07-21,facebook_5_D,299.73720000000003
322,2020-07-21,instagram_5_B,463.86955241999993
323,2020-07-21,instagram_5_D,108.07920000000001
325,2020-07-22,facebook_5_B,853.1177999999996
326,2020-07-22,facebook_5_D,276.66479999999996
327,2020-07-22,instagram_5_B,373.13640000000004
328,2020-07-22,instagram_5_D,94.0644
330,2020-07-23,facebook_5_B,843.3467752799996
331,2020-07-23,facebook_5_D,260.6508
332,2020-07-23,instagram_5_B,456.50042471999984
333,2020-07-23,instagram_5_D,89.454
335,2020-07-24,facebook_5_B,907.1468062799999
336,2020-07-24,facebook_5_D,265.0572000000001
337,2020-07-24,instagram_5_B,403.5939937200001
338,2020-07-24,instagram_5_D,76.7142
340,2020-07-25,facebook_5_B,947.3351999999998
341,2020-07-25,facebook_5_D,282.3462
342,2020-07-25,instagram_5_B,384.285
343,2020-07-25,instagram_5_D,69.6966
345,2020-07-26,facebook_5_B,946.6517999999999
346,2020-07-26,facebook_5_D,266.2914
347,2020-07-26,instagram_5_B,390.6600000000001
348,2020-07-26,instagram_5_D,85.48620000000001
350,2020-07-27,facebook_5_B,854.9129999999999
351,2020-07-27,facebook_5_D,258.8556
352,2020-07-27,instagram_5_B,321.61619999999994
353,2020-07-27,instagram_5_D,87.23040000000002
355,2020-07-28,facebook_5_B,786.4403999999995
356,2020-07-28,facebook_5_D,261.6096
357,2020-07-28,instagram_5_B,331.5408
358,2020-07-28,instagram_5_D,87.44460000000001
360,2020-07-29,facebook_5_B,705.0138000000002
361,2020-07-29,facebook_5_D,260.06940000000003
362,2020-07-29,instagram_5_B,417.94500000000005
363,2020-07-29,instagram_5_D,84.9354
365,2020-07-30,facebook_5_B,688.2755999999999
366,2020-07-30,facebook_5_D,263.8026
367,2020-07-30,instagram_5_B,428.9406000000001
368,2020-07-30,instagram_5_D,88.16880000000002
370,2020-07-31,facebook_5_B,658.6547999999997
371,2020-07-31,facebook_5_D,274.1454
372,2020-07-31,instagram_5_B,478.1046000000001
373,2020-07-31,instagram_5_D,101.7348
375,2020-08-01,facebook_5_B,777.5663999999999
376,2020-08-01,facebook_5_D,271.60560000000004
377,2020-08-01,instagram_5_B,351.4716
378,2020-08-01,instagram_5_D,101.796
380,2020-08-02,facebook_5_B,780.8711999999998
381,2020-08-02,facebook_5_D,263.4762
382,2020-08-02,instagram_5_B,398.1876000000001
383,2020-08-02,instagram_5_D,88.11780000000002
385,2020-08-03,facebook_5_B,664.8569936399994
386,2020-08-03,facebook_5_D,266.475
387,2020-08-03,instagram_5_B,533.0514063599999
388,2020-08-03,instagram_5_D,89.41319999999997
389,2020-08-04,facebook_5_B,807.5421426599995
390,2020-08-04,facebook_5_D,261.2832
391,2020-08-04,instagram_5_B,486.44005733999967
392,2020-08-04,instagram_5_D,86.01659999999998
394,2020-08-05,facebook_5_B,834.9209999999991
395,2020-08-05,facebook_5_D,259.1718000000001
396,2020-08-05,instagram_5_B,642.3144000000001
397,2020-08-05,instagram_5_D,88.76040000000002
398,2020-08-06,facebook_5_B,928.8772045199999
399,2020-08-06,facebook_5_D,267.8112
400,2020-08-06,instagram_5_B,762.8029954800003
401,2020-08-06,instagram_5_D,84.5886
402,2020-08-07,facebook_5_B,941.2908911399995
403,2020-08-07,facebook_5_D,261.63
404,2020-08-07,instagram_5_B,649.2257078399997
405,2020-08-07,instagram_5_D,62.556599999999996
406,2020-08-08,facebook_5_B,843.9071999999991
407,2020-08-08,facebook_5_D,276.51179999999994
408,2020-08-08,instagram_5_B,823.5173999999998
409,2020-08-08,instagram_5_D,76.2858
410,2020-08-09,facebook_5_B,603.5570397599997
411,2020-08-09,facebook_5_D,259.7328
412,2020-08-09,instagram_5_B,907.6137602399994
413,2020-08-09,instagram_5_D,79.53960000000002
415,2020-08-10,facebook_5_B,475.8603378599998
416,2020-08-10,facebook_5_D,267.7908
417,2020-08-10,instagram_5_B,1035.6674611199992
418,2020-08-10,instagram_5_D,85.47600000000001
420,2020-08-11,facebook_5_B,461.4173999999999
421,2020-08-11,facebook_5_D,296.39160000000004
422,2020-08-11,instagram_5_B,1077.7217999999998
423,2020-08-11,instagram_5_D,89.06640000000002
424,2020-08-12,facebook_5_B,399.52318595999975
425,2020-08-12,facebook_5_D,296.0754
426,2020-08-12,instagram_5_B,1191.1362130199998
427,2020-08-12,instagram_5_D,89.97420000000001
429,2020-08-13,facebook_5_B,454.37953973999987
430,2020-08-13,facebook_5_D,301.869
431,2020-08-13,instagram_5_B,985.90125924
432,2020-08-13,instagram_5_D,86.88360000000003
434,2020-08-14,facebook_5_B,484.01379965999996
435,2020-08-14,facebook_5_D,304.2354
436,2020-08-14,instagram_5_B,779.3684003399999
437,2020-08-14,instagram_5_D,72.53220000000003
439,2020-08-15,facebook_5_B,530.7263999999994
440,2020-08-15,facebook_5_D,309.72299999999996
441,2020-08-15,instagram_5_B,673.0164
442,2020-08-15,instagram_5_D,64.15799999999999
444,2020-08-16,facebook_5_B,572.5565999999995
445,2020-08-16,facebook_5_D,307.86660000000006
446,2020-08-16,instagram_5_B,909.2382000000005
447,2020-08-16,instagram_5_D,106.9674
449,2020-08-17,facebook_5_B,673.8629999999993
450,2020-08-17,facebook_5_D,297.28919999999994
451,2020-08-17,instagram_5_B,787.1850000000002
452,2020-08-17,instagram_5_D,90.42299999999997
454,2020-08-18,facebook_5_B,659.7844561199992
455,2020-08-18,facebook_5_D,430.5011999999999
456,2020-08-18,instagram_5_B,1176.5113387799997
457,2020-08-18,instagram_5_D,144.7788
459,2020-08-19,facebook_5_B,1100.2127999999989
460,2020-08-19,facebook_5_D,596.3328
461,2020-08-19,instagram_5_B,1119.0726
462,2020-08-19,instagram_5_D,179.54040000000003
464,2020-08-20,facebook_5_B,574.3314
465,2020-08-20,facebook_5_D,330.1026
466,2020-08-20,instagram_5_B,402.8489999999999
467,2020-08-20,instagram_5_D,117.49380000000001
469,2020-08-21,facebook_5_B,500.70779999999996
470,2020-08-21,facebook_5_D,305.60220000000004
471,2020-08-21,instagram_5_B,356.9286000000001
472,2020-08-21,instagram_5_D,97.96079999999999
474,2020-08-22,facebook_5_B,499.87139999999994
475,2020-08-22,facebook_5_D,311.28360000000004
476,2020-08-22,instagram_5_B,338.49719999999996
477,2020-08-22,instagram_5_D,85.7616
479,2020-08-23,facebook_5_B,605.6862
480,2020-08-23,facebook_5_D,314.1702
481,2020-08-23,instagram_5_B,301.4202000000001
482,2020-08-23,instagram_5_D,98.31780000000002
484,2020-08-24,facebook_5_B,672.9449999999994
485,2020-08-24,facebook_5_D,354.68460000000005
486,2020-08-24,instagram_5_B,770.6712000000002
487,2020-08-24,instagram_5_D,140.36220000000003
488,2020-08-25,facebook_5_B,651.2291999999999
489,2020-08-25,facebook_5_D,356.3166
490,2020-08-25,instagram_5_B,1246.7562
491,2020-08-25,instagram_5_D,150.2664
492,2020-08-26,facebook_5_B,579.6987379199998
493,2020-08-26,facebook_5_D,358.88699999999994
494,2020-08-26,instagram_5_B,1352.3240620799997
495,2020-08-26,instagram_5_D,151.9698
496,2020-08-27,facebook_5_B,492.1193999999999
497,2020-08-27,facebook_5_D,373.1261999999999
498,2020-08-27,instagram_5_B,1296.4404
499,2020-08-27,instagram_5_D,151.1028
500,2020-08-28,facebook_5_B,688.9896000000001
501,2020-08-28,facebook_5_D,352.20599999999996
502,2020-08-28,instagram_5_B,1012.5744000000001
503,2020-08-28,instagram_5_D,156.3966
505,2020-08-29,facebook_5_B,396.8616
506,2020-08-29,facebook_5_D,300.9204
507,2020-08-29,instagram_5_B,1054.0782000000004
508,2020-08-29,instagram_5_D,133.70159999999998
509,2020-08-30,facebook_5_B,168.25919999999994
510,2020-08-30,facebook_5_D,305.7552
511,2020-08-30,instagram_5_B,945.9888000000001
512,2020-08-30,instagram_5_D,136.3842
513,2020-08-31,facebook_5_B,232.86600000000004
514,2020-08-31,facebook_5_D,367.50600000000003
515,2020-08-31,instagram_5_B,1068.6641999999995
516,2020-08-31,instagram_5_D,159.2832
517,2020-09-01,facebook_5_B,220.77017904000004
518,2020-09-01,facebook_5_D,365.2416
519,2020-09-01,instagram_5_B,819.7420199399999
520,2020-09-01,instagram_5_D,84.15
521,2020-09-02,facebook_5_B,236.10960000000003
522,2020-09-02,facebook_5_D,373.1568
523,2020-09-02,instagram_5_B,1054.9656
524,2020-09-02,instagram_5_D,127.91819999999998
525,2020-09-03,facebook_5_B,247.81920000000008
526,2020-09-03,facebook_5_D,374.68680000000006
527,2020-09-03,instagram_5_B,1162.6266
528,2020-09-03,instagram_5_D,157.51860000000002
529,2020-09-04,facebook_5_B,251.85130895999998
530,2020-09-04,facebook_5_D,366.84299999999996
531,2020-09-04,instagram_5_B,891.5890910400001
532,2020-09-04,instagram_5_D,70.26780000000001
533,2020-09-05,facebook_5_B,261.81360000000006
534,2020-09-05,facebook_5_D,390.6498
535,2020-09-05,instagram_5_B,1099.1825999999999
536,2020-09-05,instagram_5_D,62.2098
537,2020-09-06,facebook_5_B,622.5162
538,2020-09-06,facebook_5_D,370.8618
539,2020-09-06,instagram_5_B,1043.4191999999998
540,2020-09-06,instagram_5_D,103.6218
541,2020-09-07,facebook_5_B,476.6357999999999
542,2020-09-07,facebook_5_D,310.8756
543,2020-09-07,instagram_5_B,1151.0700000000002
544,2020-09-07,instagram_5_D,157.23299999999998
545,2020-09-08,facebook_5_B,526.1465999999998
546,2020-09-08,facebook_5_D,312.0588
547,2020-09-08,instagram_5_B,1533.774
548,2020-09-08,instagram_5_D,201.7356
549,2020-09-09,facebook_5_B,739.9907362800004
550,2020-09-09,facebook_5_D,300.16560000000004
551,2020-09-09,instagram_5_B,1475.1534647400006
552,2020-09-09,instagram_5_D,217.617
553,2020-09-10,facebook_5_B,504.90000000000003
554,2020-09-10,facebook_5_D,215.59740000000002
555,2020-09-10,instagram_5_B,1262.6783999999998
556,2020-09-10,instagram_5_D,198.54299999999998
557,2020-09-11,facebook_5_B,400.66620000000006
558,2020-09-11,facebook_5_D,185.691
559,2020-09-11,instagram_5_B,1040.4407999999999
560,2020-09-11,instagram_5_D,137.18999999999997
561,2020-09-12,facebook_5_B,508.54139999999995
562,2020-09-12,facebook_5_D,167.127
563,2020-09-12,instagram_5_B,874.9050000000004
564,2020-09-12,instagram_5_D,76.48980000000002
565,2020-09-13,facebook_5_B,586.2857999999998
566,2020-09-13,facebook_5_D,173.2164
567,2020-09-13,instagram_5_B,1219.1856000000005
568,2020-09-13,instagram_5_D,153.34679999999997
569,2020-09-14,facebook_5_B,569.6903999999997
570,2020-09-14,facebook_5_D,197.2578
571,2020-09-14,instagram_5_B,1372.5018000000005
572,2020-09-14,instagram_5_D,165.5358
573,2020-09-15,facebook_5_B,562.6115999999998
574,2020-09-15,facebook_5_D,201.6642
575,2020-09-15,instagram_5_B,1200.3665999999996
576,2020-09-15,instagram_5_D,116.55539999999999
578,2020-09-16,facebook_5_B,469.9343999999999
579,2020-09-16,facebook_5_D,201.1236
580,2020-09-16,instagram_5_B,1025.4876
581,2020-09-16,instagram_5_D,43.452000000000005
582,2020-09-17,facebook_5_B,360.63119999999986
583,2020-09-17,facebook_5_D,202.0824
584,2020-09-17,instagram_5_B,1103.0484000000004
585,2020-09-17,instagram_5_D,44.42100000000001
586,2020-09-18,facebook_5_B,679.7585999999999
587,2020-09-18,facebook_5_D,363.3443999999999
588,2020-09-18,instagram_5_B,763.6536000000003
589,2020-09-18,instagram_5_D,149.277
592,2020-09-19,facebook_5_B,976.0787999999997
593,2020-09-19,facebook_5_D,485.0304000000001
594,2020-09-19,instagram_5_B,852.2711999999998
595,2020-09-19,instagram_5_D,138.77100000000002
597,2020-09-20,facebook_5_B,1073.9171999999999
598,2020-09-20,facebook_5_D,453.8082
599,2020-09-20,instagram_5_B,715.5912000000002
600,2020-09-20,instagram_5_D,255.79560000000006
603,2020-09-21,facebook_5_B,1062.0342
604,2020-09-21,facebook_5_D,677.6981999999998
605,2020-09-21,instagram_5_B,508.2048000000001
606,2020-09-21,instagram_5_D,751.2810000000001
607,2020-09-22,facebook_5_B,1280.1612
608,2020-09-22,facebook_5_D,1099.6721999999997
609,2020-09-22,instagram_5_B,450.0852
610,2020-09-22,instagram_5_D,732.6354
611,2020-09-23,facebook_5_B,1091.196
612,2020-09-23,facebook_5_D,988.2066000000002
613,2020-09-23,instagram_5_B,674.8524
614,2020-09-23,instagram_5_D,883.065
616,2020-09-24,facebook_5_B,1506.76936536
617,2020-09-24,facebook_5_D,1212.3312000000003
618,2020-09-24,instagram_5_B,312.29863464000005
619,2020-09-24,instagram_5_D,434.928
620,2020-09-25,facebook_5_B,1528.8883081200006
621,2020-09-25,facebook_5_D,957.6211931400003
622,2020-09-25,instagram_5_B,202.39848984000002
623,2020-09-25,instagram_5_D,212.04340890000003
624,2020-09-26,facebook_5_B,1249.2450000000001
625,2020-09-26,facebook_5_D,602.259
626,2020-09-26,instagram_5_B,177.12300000000008
627,2020-09-26,instagram_5_D,154.81560000000002
628,2020-09-27,facebook_5_B,1337.1588000000002
629,2020-09-27,facebook_5_D,590.6616
630,2020-09-27,instagram_5_B,207.75359999999995
631,2020-09-27,instagram_5_D,209.36520000000002
632,2020-09-28,facebook_5_B,588.5093999999998
633,2020-09-28,facebook_5_D,254.67360000000014
634,2020-09-28,instagram_5_B,182.682
635,2020-09-28,instagram_5_D,181.6824
636,2020-09-29,facebook_5_B,201.42960000000005
637,2020-09-29,facebook_5_D,349.605
638,2020-09-29,instagram_5_B,129.23399999999998
639,2020-09-29,instagram_5_D,162.5268
640,2020-09-30,facebook_5_B,58.38480000000001
641,2020-09-30,facebook_5_D,361.80420000000004
642,2020-09-30,instagram_5_B,64.53540000000001
643,2020-09-30,instagram_5_D,103.17299999999999
644,2020-10-01,facebook_5_B,532.2706779600001
645,2020-10-01,facebook_5_D,476.25496056000014
646,2020-10-01,instagram_5_B,134.03412102000001
647,2020-10-01,instagram_5_D,161.28584046
648,2020-10-02,facebook_5_B,295.77959999999996
649,2020-10-02,facebook_5_D,337.416
650,2020-10-02,instagram_5_B,222.61499999999998
651,2020-10-02,instagram_5_D,204.91799999999998
652,2020-10-03,facebook_5_B,447.8004000000001
653,2020-10-03,facebook_5_D,349.59479999999996
654,2020-10-03,instagram_5_B,539.8758000000001
655,2020-10-03,instagram_5_D,156.59040000000002
656,2020-10-04,facebook_5_B,542.2916587799999
657,2020-10-04,facebook_5_D,291.7811999999999
658,2020-10-04,instagram_5_B,621.8649412200001
659,2020-10-04,instagram_5_D,147.0024
660,2020-10-05,facebook_5_B,429.66317309999994
661,2020-10-05,facebook_5_D,254.21459999999996
662,2020-10-05,instagram_5_B,634.2274269000001
663,2020-10-05,instagram_5_D,152.8266
665,2020-10-06,facebook_5_B,646.9044
666,2020-10-06,facebook_5_D,241.91340000000005
667,2020-10-06,instagram_5_B,680.8704000000001
668,2020-10-06,instagram_5_D,173.2368
669,2020-10-07,facebook_5_B,2035.3119341399995
670,2020-10-07,facebook_5_D,177.53875914000002
671,2020-10-07,instagram_5_B,819.8822648400002
672,2020-10-07,instagram_5_D,128.01244188
673,2020-10-08,facebook_5_B,1839.1597223399997
674,2020-10-08,facebook_5_D,173.05198314000006
675,2020-10-08,instagram_5_B,355.82927765999995
676,2020-10-08,instagram_5_D,42.34141686
677,2020-10-09,facebook_5_B,1636.1819999999998
678,2020-10-09,facebook_5_D,153.79559999999998
679,2020-10-09,instagram_5_B,1045.0103999999994
680,2020-10-09,instagram_5_D,75.15360000000001
681,2020-10-10,facebook_5_B,1566.6384000000003
682,2020-10-10,facebook_5_D,150.79680000000005
683,2020-10-10,instagram_5_B,649.4238
684,2020-10-10,instagram_5_D,137.3124
685,2020-10-11,facebook_5_B,2095.0902
686,2020-10-11,facebook_5_D,153.26519999999996
687,2020-10-11,instagram_5_B,683.9916
688,2020-10-11,instagram_5_D,138.67920000000004
689,2020-10-12,facebook_5_B,1622.4673339800001
690,2020-10-12,facebook_5_D,97.53607506
691,2020-10-12,instagram_5_B,582.16066602
692,2020-10-12,instagram_5_D,298.77472494
693,2020-10-13,facebook_5_B,1909.6848000000002
694,2020-10-13,facebook_5_D,97.5324
695,2020-10-13,instagram_5_B,603.3606000000001
696,2020-10-13,instagram_5_D,521.0874
697,2020-10-14,facebook_5_B,1220.4198
698,2020-10-14,facebook_5_D,345.1374
699,2020-10-14,instagram_5_B,566.1714000000001
700,2020-10-14,instagram_5_D,510.76500000000004
701,2020-10-15,facebook_3_A,132.49800000000002
702,2020-10-15,facebook_5_B,530.2971646199999
703,2020-10-15,facebook_5_D,381.33184091999993
704,2020-10-15,instagram_5_B,430.03283538
705,2020-10-15,instagram_5_D,801.9701580599999
706,2020-10-16,facebook_3_A,497.0154
707,2020-10-16,facebook_5_B,507.56219999999996
708,2020-10-16,facebook_5_D,540.9875999999999
709,2020-10-16,instagram_5_B,333.7439999999999
710,2020-10-16,instagram_5_D,742.1315999999998
711,2020-10-17,facebook_3_A,504.1452
712,2020-10-17,facebook_5_B,790.8162
713,2020-10-17,facebook_5_D,674.2099427999998
714,2020-10-17,instagram_5_B,500.2182000000001
715,2020-10-17,instagram_5_D,1072.9684571999996
718,2020-10-18,facebook_3_A,511.9992
719,2020-10-18,facebook_5_B,844.35509526
720,2020-10-18,facebook_5_D,560.37933408
721,2020-10-18,instagram_5_B,545.60910474
722,2020-10-18,instagram_5_D,1192.9802659199995
725,2020-10-19,facebook_3_A,555.1044
726,2020-10-19,facebook_5_B,489.12018383999987
727,2020-10-19,facebook_5_D,439.0536103200001
728,2020-10-19,instagram_5_B,1560.5698161600003
729,2020-10-19,instagram_5_D,1216.8245947799996
731,2020-10-20,facebook_3_A,663.1632
732,2020-10-20,facebook_5_B,471.67179048
733,2020-10-20,facebook_5_D,562.3957119000002
734,2020-10-20,instagram_5_B,1567.1960095199997
735,2020-10-20,instagram_5_D,717.1330881
737,2020-10-21,facebook_3_A,709.0122
738,2020-10-21,facebook_5_B,321.3066045000001
739,2020-10-21,facebook_5_D,482.42791488
740,2020-10-21,instagram_5_B,1372.7705954999992
741,2020-10-21,instagram_5_D,541.60108512
743,2020-10-22,facebook_3_A,698.445
744,2020-10-22,facebook_5_B,120.50173308
745,2020-10-22,facebook_5_D,268.7012305800001
746,2020-10-22,instagram_5_B,1149.5716669199996
747,2020-10-22,instagram_5_D,406.5285694200001
748,2020-10-23,facebook_3_A,847.0998000000001
749,2020-10-23,facebook_5_B,195.25860000000003
750,2020-10-23,facebook_5_D,54.9372
751,2020-10-23,instagram_5_B,561.8159999999999
752,2020-10-23,instagram_5_D,178.7652
753,2020-10-24,facebook_3_A,1001.0178
754,2020-10-24,facebook_5_B,819.4161227999998
755,2020-10-24,facebook_5_D,23.8272
756,2020-10-24,instagram_5_B,527.8508772000002
757,2020-10-24,instagram_5_D,55.467600000000004
758,2020-10-25,facebook_3_A,1060.8
759,2020-10-25,facebook_5_B,1093.5521999999992
760,2020-10-25,facebook_5_D,21.9402
761,2020-10-25,instagram_5_B,408.1632000000001
762,2020-10-25,instagram_5_D,60.58800000000001
763,2020-10-26,facebook_3_A,842.4485999999999
764,2020-10-26,facebook_5_B,522.80982606
765,2020-10-26,facebook_5_D,15.106199999999996
766,2020-10-26,instagram_5_B,756.4537739400001
767,2020-10-26,instagram_5_D,64.2804
768,2020-10-27,facebook_3_A,835.3698
769,2020-10-27,facebook_5_B,469.01640000000003
770,2020-10-27,facebook_5_D,333.7031999999999
771,2020-10-27,instagram_5_B,601.8306000000001
772,2020-10-27,instagram_5_D,267.1278
773,2020-10-28,facebook_3_A,824.976
774,2020-10-28,facebook_5_B,529.3596
775,2020-10-28,facebook_5_D,343.0259999999999
776,2020-10-28,instagram_5_B,371.4636000000001
777,2020-10-28,instagram_5_D,515.4060000000001
779,2020-10-29,facebook_3_A,830.8002
780,2020-10-29,facebook_5_B,199.92
781,2020-10-29,facebook_5_D,409.57550729999997
782,2020-10-29,instagram_5_B,148.4712
783,2020-10-29,instagram_5_D,519.6138906599999
785,2020-10-30,facebook_3_A,789.4290000000001
786,2020-10-30,facebook_5_B,59.812799999999996
787,2020-10-30,facebook_5_D,400.4170201199999
788,2020-10-30,instagram_5_B,120.52320000000002
789,2020-10-30,instagram_5_D,531.8833798799999
791,2020-10-31,facebook_3_A,832.2282
792,2020-10-31,facebook_5_B,83.66040000000001
793,2020-10-31,facebook_5_D,266.3525999999999
794,2020-10-31,instagram_5_B,143.17740000000003
795,2020-10-31,instagram_5_D,579.8802
797,2020-11-01,facebook_3_A,1047.2136
798,2020-11-01,facebook_5_B,328.1952000000001
799,2020-11-01,facebook_5_D,251.5524
800,2020-11-01,instagram_5_B,92.361
801,2020-11-01,instagram_5_D,794.121
803,2020-11-02,facebook_3_A,981.2604
804,2020-11-02,facebook_5_B,617.4569999999999
805,2020-11-02,facebook_5_D,267.2808
806,2020-11-02,instagram_5_B,87.159
807,2020-11-02,instagram_5_D,949.1711999999999
809,2020-11-03,facebook_3_A,1143.4506
810,2020-11-03,facebook_5_B,495.2916000000001
811,2020-11-03,facebook_5_D,225.80759999999998
812,2020-11-03,instagram_5_B,42.94200000000001
813,2020-11-03,instagram_5_D,1035.3101999999997
815,2020-11-04,facebook_3_A,1206.9048
816,2020-11-04,facebook_5_B,765.1326
817,2020-11-04,facebook_5_D,600.18793998
818,2020-11-04,instagram_5_B,12.148200000000001
819,2020-11-04,instagram_5_D,790.17406002
821,2020-11-05,facebook_3_A,1204.5996
822,2020-11-05,facebook_5_B,790.7818005
823,2020-11-05,facebook_5_D,377.98140000000006
824,2020-11-05,instagram_5_B,13.6105995
825,2020-11-05,instagram_5_D,352.8180000000001
827,2020-11-06,facebook_3_A,1184.8319999999999
828,2020-11-06,facebook_5_B,224.2266
829,2020-11-06,facebook_5_D,465.5075999999997
830,2020-11-06,instagram_5_B,382.57139999999987
831,2020-11-06,instagram_5_D,145.2072
833,2020-11-07,facebook_3_A,1211.607
834,2020-11-07,facebook_5_B,177.62280000000004
835,2020-11-07,facebook_5_D,632.8895999999996
836,2020-11-07,instagram_5_B,495.924
837,2020-11-07,instagram_5_D,136.5984
839,2020-11-08,facebook_3_A,1207.5167999999999
840,2020-11-08,facebook_5_B,111.8022
841,2020-11-08,facebook_5_D,581.8997999999999
842,2020-11-08,instagram_5_B,424.1568
843,2020-11-08,instagram_5_D,105.06000000000002
844,2020-11-09,facebook_3_A,1244.7162
845,2020-11-09,facebook_5_B,107.38559999999998
846,2020-11-09,facebook_5_D,563.091
847,2020-11-09,instagram_5_B,357.87719999999996
848,2020-11-09,instagram_5_D,104.60099999999998
849,2020-11-10,facebook_3_A,1241.4012
850,2020-11-10,facebook_5_B,133.85533848
851,2020-11-10,facebook_5_D,630.7884000000003
852,2020-11-10,instagram_5_B,554.36926152
853,2020-11-10,instagram_5_D,219.45299999999995
854,2020-11-11,facebook_3_A,1240.3404
855,2020-11-11,facebook_5_B,103.00667472000003
856,2020-11-11,facebook_5_D,851.6705883
857,2020-11-11,instagram_5_B,541.1233263
858,2020-11-11,instagram_5_D,640.3650117
859,2020-11-12,facebook_3_A,1034.0454
860,2020-11-12,facebook_5_B,77.50268142000002
861,2020-11-12,facebook_5_D,872.7581947799997
862,2020-11-12,instagram_5_B,430.1309196000001
863,2020-11-12,instagram_5_D,539.10540624
865,2020-11-13,facebook_3_A,908.667
866,2020-11-13,facebook_5_B,82.27882836
867,2020-11-13,facebook_5_D,1005.0935190599998
868,2020-11-13,instagram_5_B,260.58413892
869,2020-11-13,instagram_5_D,340.52108297999996
870,2020-11-14,facebook_3_A,900.6804
871,2020-11-14,facebook_5_B,175.46618136
872,2020-11-14,facebook_5_D,963.7906631400004
873,2020-11-14,instagram_5_B,451.35441966
874,2020-11-14,instagram_5_D,379.5697368600001
875,2020-11-15,facebook_3_A,922.7124
876,2020-11-15,facebook_5_B,148.32840000000002
877,2020-11-15,facebook_5_D,926.8127999999999
878,2020-11-15,instagram_5_B,407.64300000000003
879,2020-11-15,instagram_5_D,342.79139999999995
880,2020-11-16,facebook_3_A,935.8602
881,2020-11-16,facebook_5_B,46.20579191999999
882,2020-11-16,facebook_5_D,517.6693973399998
883,2020-11-16,instagram_5_B,433.96940808000005
884,2020-11-16,instagram_5_D,669.9574047000001
887,2020-11-17,facebook_3_A,1131.0882000000001
888,2020-11-17,facebook_5_B,54.47820000000001
889,2020-11-17,facebook_5_D,305.43515664
890,2020-11-17,instagram_5_B,329.154
891,2020-11-17,instagram_5_D,163.82604335999997
892,2020-11-18,facebook_3_A,1124.6622
893,2020-11-18,facebook_5_B,58.35312186000001
894,2020-11-18,facebook_5_D,246.77017691999998
895,2020-11-18,instagram_5_B,206.56127813999998
896,2020-11-18,instagram_5_D,49.26442206
898,2020-11-19,facebook_3_A,1120.7862
899,2020-11-19,facebook_5_B,42.9216
900,2020-11-19,facebook_5_D,207.53783838000007
901,2020-11-19,instagram_5_B,184.01819999999998
902,2020-11-19,instagram_5_D,84.32496162
904,2020-11-20,facebook_3_A,1164.3096
905,2020-11-20,facebook_5_B,35.0574
906,2020-11-20,facebook_5_D,121.24740000000003
907,2020-11-20,instagram_5_B,362.0898
908,2020-11-20,instagram_5_D,178.66320000000002
909,2020-11-21,facebook_3_A,1227.1416
910,2020-11-21,facebook_5_B,67.218
911,2020-11-21,facebook_5_D,219.77940000000004
912,2020-11-21,instagram_5_B,298.2276
913,2020-11-21,instagram_5_D,112.404
916,2020-11-22,facebook_3_A,1278.2946
917,2020-11-22,facebook_5_B,94.81920000000001
918,2020-11-22,facebook_5_D,269.2494
919,2020-11-22,instagram_5_B,280.25520000000006
920,2020-11-22,instagram_5_D,83.47680000000003
922,2020-11-23,facebook_2_C,176.14379999999997
924,2020-11-23,facebook_3_A,1278.2232000000001
925,2020-11-23,facebook_5_B,36.1998
926,2020-11-23,facebook_5_D,85.71060000000001
927,2020-11-23,instagram_2_C,76.7346
929,2020-11-23,instagram_5_B,181.29479999999998
930,2020-11-23,instagram_5_D,36.730199999999996
931,2020-11-24,facebook_2_C,271.56480000000005
933,2020-11-24,facebook_3_A,1278.0498
934,2020-11-24,facebook_5_B,10.557
935,2020-11-24,facebook_5_D,9.7104
936,2020-11-24,instagram_2_C,165.75
938,2020-11-24,instagram_5_B,57.80339999999999
939,2020-11-24,instagram_5_D,3.5088000000000004
941,2020-11-25,facebook_1_D,9.9144
942,2020-11-25,facebook_2_C,170.93159999999995
944,2020-11-25,facebook_3_A,1276.9992
946,2020-11-25,instagram_1_D,0.5814
947,2020-11-25,instagram_2_C,250.90980000000002
952,2020-11-26,facebook_1_D,80.9778
953,2020-11-26,facebook_2_C,248.46180000000004
955,2020-11-26,facebook_3_A,1247.664
958,2020-11-26,instagram_1_D,151.4802
959,2020-11-26,instagram_2_C,146.80859999999998
963,2020-11-27,facebook_1_A,80.0598
964,2020-11-27,facebook_1_D,94.8702
965,2020-11-27,facebook_2_C,248.7474
967,2020-11-27,facebook_3_A,579.2988
969,2020-11-27,instagram_1_D,188.43480000000002
970,2020-11-27,instagram_2_C,94.96199999999999
974,2020-11-28,facebook_1_A,95.0232
975,2020-11-28,facebook_1_D,94.2041145
976,2020-11-28,facebook_2_C,192.66780000000003
977,2020-11-28,facebook_3_A,462.0396
979,2020-11-28,instagram_1_D,207.40988856
980,2020-11-28,instagram_2_C,92.73839999999998
982,2020-11-29,facebook_1_A,205.60139999999998
983,2020-11-29,facebook_1_D,7.3542000000000005
984,2020-11-29,facebook_2_C,247.7376
985,2020-11-29,facebook_3_A,834.9312
986,2020-11-29,instagram_1_D,28.080599999999997
987,2020-11-29,instagram_2_C,58.9458
988,2020-11-30,facebook_1_A,377.37960000000004
990,2020-11-30,facebook_2_C,163.57740000000004
991,2020-11-30,facebook_3_A,813.2766
993,2020-11-30,instagram_2_C,143.1468
996,2020-12-01,facebook_1_A,611.8062
997,2020-12-01,facebook_2_C,165.2524797
998,2020-12-01,facebook_3_A,812.4911999999999
999,2020-12-01,instagram_2_C,142.3693203
1002,2020-12-02,facebook_1_A,593.8848
1003,2020-12-02,facebook_1_D,38.4846
1004,2020-12-02,facebook_2_C,228.9492
1005,2020-12-02,facebook_3_A,812.4606
1006,2020-12-02,instagram_1_D,98.9706
1007,2020-12-02,instagram_2_C,78.1014
1009,2020-12-03,facebook_1_A,748.6086
1010,2020-12-03,facebook_1_D,54.264
1011,2020-12-03,facebook_2_C,245.15700000000004
1012,2020-12-03,facebook_3_A,942.8268
1013,2020-12-03,instagram_1_D,91.5552
1014,2020-12-03,instagram_2_C,61.5264
1015,2020-12-04,facebook_1_A,750.2508
1016,2020-12-04,facebook_1_D,6.6606000000000005
1017,2020-12-04,facebook_2_C,258.79440000000005
1018,2020-12-04,facebook_3_A,971.3664000000001
1019,2020-12-04,instagram_1_D,24.3882
1020,2020-12-04,instagram_2_C,46.06320000000001
1021,2020-12-05,facebook_1_A,992.817
1023,2020-12-05,facebook_2_C,231.00960000000006
1024,2020-12-05,facebook_3_A,961.3602
1025,2020-12-05,instagram_2_C,71.3592
1026,2020-12-06,facebook_1_A,1316.7894000000001
1027,2020-12-06,facebook_2_C,212.10900000000004
1028,2020-12-06,facebook_3_A,1024.2534
1030,2020-12-06,instagram_2_C,95.17620000000002
1031,2020-12-07,facebook_1_A,1270.1142
1032,2020-12-07,facebook_1_D,45.7062
1033,2020-12-07,facebook_2_C,242.56619999999995
1034,2020-12-07,facebook_3_A,1022.5704
1035,2020-12-07,instagram_1_D,93.41159999999999
1036,2020-12-07,instagram_2_C,64.98420000000002
1039,2020-12-08,facebook_1_A,1239.5346
1040,2020-12-08,facebook_1_D,53.9172
1041,2020-12-08,facebook_2_C,271.3506
1042,2020-12-08,facebook_3_A,1019.3166000000001
1044,2020-12-08,instagram_1_D,96.5634
1045,2020-12-08,instagram_2_C,34.7718
1048,2020-12-09,facebook_1_A,836.3796000000001
1049,2020-12-09,facebook_1_D,40.38841878
1050,2020-12-09,facebook_2_C,470.05063614000005
1052,2020-12-09,facebook_3_A,1089.564
1053,2020-12-09,instagram_1_D,105.96118326000001
1054,2020-12-09,instagram_2_C,54.93316488000001
1059,2020-12-10,apple_4_D,203.76540000000006
1060,2020-12-10,facebook_1_A,793.7844
1061,2020-12-10,facebook_1_D,57.7014
1062,2020-12-10,facebook_2_C,338.9460000000001
1064,2020-12-10,facebook_3_A,1187.7186000000002
1065,2020-12-10,instagram_1_D,92.9118
1066,2020-12-10,instagram_2_C,106.7838
1070,2020-12-11,apple_4_D,728.6778000000002
1071,2020-12-11,facebook_1_A,1213.5042
1072,2020-12-11,facebook_1_D,4.365600000000001
1073,2020-12-11,facebook_2_C,237.07653348000002
1075,2020-12-11,facebook_3_A,1187.7288
1076,2020-12-11,instagram_1_D,13.484399999999999
1077,2020-12-11,instagram_2_C,178.17566652
1081,2020-12-12,apple_4_D,568.6908000000001
1082,2020-12-12,facebook_1_A,1154.1504
1083,2020-12-12,facebook_2_C,192.89219999999997
1085,2020-12-12,facebook_3_A,1177.3146
1086,2020-12-12,instagram_2_C,114.33179999999999
1090,2020-12-13,apple_4_D,491.8644
1091,2020-12-13,facebook_1_A,1050.5694
1093,2020-12-13,facebook_2_C,252.0215999999999
1095,2020-12-13,facebook_3_A,1230.9564
1096,2020-12-13,instagram_2_C,69.69660000000002
1099,2020-12-14,apple_4_D,588.1626
1100,2020-12-14,facebook_1_A,1118.0423999999998
1101,2020-12-14,facebook_1_D,41.656800000000004
1102,2020-12-14,facebook_2_C,254.5858963200001
1104,2020-12-14,facebook_3_A,1228.3758
1105,2020-12-14,instagram_1_D,75.3066
1106,2020-12-14,instagram_2_C,57.85031795999999
1109,2020-12-15,apple_4_D,652.0145999999999
1110,2020-12-15,facebook_1_A,1238.076
1111,2020-12-15,facebook_1_D,158.6712
1112,2020-12-15,facebook_2_C,277.9704
1114,2020-12-15,facebook_3_A,1228.7838000000002
1115,2020-12-15,instagram_1_D,88.58699999999999
1116,2020-12-15,instagram_2_C,41.5242
1119,2020-12-16,apple_4_D,620.5884000000001
1120,2020-12-16,facebook_1_A,1332.6096
1121,2020-12-16,facebook_1_D,147.9816
1122,2020-12-16,facebook_2_C,297.18719999999996
1124,2020-12-16,facebook_3_A,1227.7230000000002
1125,2020-12-16,instagram_1_D,99.0624
1126,2020-12-16,instagram_2_C,42.421800000000005
1130,2020-12-17,apple_4_D,611.1534000000001
1131,2020-12-17,facebook_1_A,1509.0288
1132,2020-12-17,facebook_1_D,11.22
1133,2020-12-17,facebook_2_C,295.2798
1135,2020-12-17,facebook_3_A,1218.0126
1136,2020-12-17,instagram_1_D,17.1054
1137,2020-12-17,instagram_2_C,45.7572
1140,2020-12-18,apple_4_D,436.6722000000001
1141,2020-12-18,facebook_1_A,1374.1236000000001
1142,2020-12-18,facebook_2_C,296.2284
1144,2020-12-18,facebook_3_A,1222.0416
1146,2020-12-18,instagram_2_C,49.653600000000004
1148,2020-12-19,apple_4_D,250.10400000000004
1149,2020-12-19,facebook_1_A,1578.9702
1150,2020-12-19,facebook_2_C,298.0848
1152,2020-12-19,facebook_3_A,1212.1068
1154,2020-12-19,instagram_2_C,48.164399999999986
1156,2020-12-20,apple_4_D,248.59440000000004
1157,2020-12-20,facebook_1_A,2118.3768
1159,2020-12-20,facebook_2_C,46.41
1161,2020-12-20,facebook_3_A,1228.437
1162,2020-12-20,instagram_2_C,5.3244
1164,2020-12-21,apple_4_D,247.25819999999993
1165,2020-12-21,facebook_1_A,2269.1531999999997
1167,2020-12-21,facebook_3_A,1328.0604
1168,2020-12-22,apple_4_D,212.3028
1169,2020-12-22,facebook_1_A,2499.2652000000003
1170,2020-12-22,facebook_1_D,62.8116
1172,2020-12-22,facebook_3_A,1404.6930000000002
1173,2020-12-22,instagram_1_D,45.5736
1175,2020-12-23,apple_4_D,213.11880000000002
1176,2020-12-23,facebook_1_A,2523.2862
1177,2020-12-23,facebook_1_D,112.3122
1179,2020-12-23,facebook_3_A,1402.1838
1180,2020-12-23,instagram_1_D,34.1496
1181,2020-12-24,apple_4_D,155.0502
1182,2020-12-24,facebook_1_A,2325.7121999999995
1183,2020-12-24,facebook_1_D,13.4436
1184,2020-12-24,facebook_3_A,1398.4302
1185,2020-12-24,instagram_1_D,6.0485999999999995
1186,2020-12-25,apple_4_D,212.41500000000005
1187,2020-12-25,facebook_1_A,1832.9808000000003
1189,2020-12-25,facebook_2_C,78.54000000000002
1190,2020-12-25,facebook_3_A,1397.9916
1192,2020-12-26,apple_4_D,262.55820000000006
1193,2020-12-26,facebook_1_A,2257.362
1194,2020-12-26,facebook_2_C,168.73860000000002
1195,2020-12-26,facebook_3_A,1388.6178000000002
1197,2020-12-26,instagram_2_C,142.86119999999997
1198,2020-12-27,apple_1_A,2254.5263999999997
1200,2020-12-27,apple_4_D,429.4404
1203,2020-12-27,facebook_2_C,200.1444
1205,2020-12-27,instagram_2_C,155.4684
1206,2020-12-28,apple_1_A,2611.7304
1208,2020-12-28,apple_4_D,345.2190000000001
1210,2020-12-28,facebook_2_C,328.30645548
1212,2020-12-28,instagram_2_C,76.85794452
1213,2020-12-29,apple_4_D,280.9794
1214,2020-12-29,facebook_1_A,2721.207
1215,2020-12-29,facebook_2_C,376.6962
1216,2020-12-29,facebook_3_A,1473.1961999999999
1217,2020-12-29,instagram_2_C,38.913000000000004
1218,2020-12-30,apple_4_D,233.30459999999997
1219,2020-12-30,facebook_1_A,2192.9898
1220,2020-12-30,facebook_2_C,491.2115999999999
1221,2020-12-30,facebook_3_A,1297.0932
1222,2020-12-30,instagram_2_C,70.8084
1223,2020-12-31,apple_4_D,211.60920000000004
1224,2020-12-31,facebook_1_A,2112.6648
1225,2020-12-31,facebook_2_C,484.3368000000001
1226,2020-12-31,facebook_3_A,1296.6546
1227,2020-12-31,instagram_2_C,82.17119999999998
1228,2021-01-01,apple_4_D,204.9588
1229,2021-01-01,facebook_1_A,2244.1938
1230,2021-01-01,facebook_2_C,423.78959999999995
1231,2021-01-01,facebook_3_A,1294.2474
1232,2021-01-01,instagram_2_C,168.861
1233,2021-01-02,apple_4_D,305.95920000000007
1234,2021-01-02,facebook_1_A,2189.1546
1235,2021-01-02,facebook_2_C,371.4432
1236,2021-01-02,facebook_3_A,1281.5688
1237,2021-01-02,instagram_2_C,218.3208
1238,2021-01-03,apple_4_D,412.8347999999999
1239,2021-01-03,facebook_1_A,1635.3558
1240,2021-01-03,facebook_2_C,357.72420000000005
1241,2021-01-03,facebook_3_A,1533.3558
1242,2021-01-03,instagram_2_C,260.18160000000006
1243,2021-01-04,apple_4_D,388.1916
1244,2021-01-04,facebook_1_A,1844.2314
1245,2021-01-04,facebook_2_C,568.5576196200001
1246,2021-01-04,facebook_3_A,1896.9858
1247,2021-01-04,instagram_2_C,325.14598037999997
1248,2021-01-05,apple_4_D,399.01380000000023
1249,2021-01-05,facebook_1_A,2010.0834000000002
1250,2021-01-05,facebook_1_D,47.14510788
1251,2021-01-05,facebook_2_C,672.3702789599998
1252,2021-01-05,facebook_3_A,2299.5798
1253,2021-01-05,instagram_1_D,155.50849212
1254,2021-01-05,instagram_2_C,380.18812104
1256,2021-01-06,apple_4_D,472.3722
1257,2021-01-06,facebook_1_A,1992.1824
1258,2021-01-06,facebook_1_D,39.83449044
1259,2021-01-06,facebook_2_C,572.2204620600002
1260,2021-01-06,facebook_3_A,2214.5832
1261,2021-01-06,instagram_1_D,160.18750956000002
1262,2021-01-06,instagram_2_C,434.57053794
1263,2021-01-07,apple_4_D,424.3710000000001
1264,2021-01-07,facebook_1_A,2043.4374
1265,2021-01-07,facebook_1_D,32.53053972000001
1266,2021-01-07,facebook_2_C,625.8947154000001
1267,2021-01-07,facebook_3_A,1945.3542
1268,2021-01-07,instagram_1_D,173.09126028
1269,2021-01-07,instagram_2_C,380.4270845999999
1270,2021-01-08,apple_4_D,462.4476
1271,2021-01-08,facebook_1_A,2037.807
1272,2021-01-08,facebook_1_D,1.8870000000000002
1273,2021-01-08,facebook_2_C,760.0529999999999
1274,2021-01-08,facebook_3_A,1806.8688000000002
1275,2021-01-08,instagram_1_D,24.5208
1276,2021-01-08,instagram_2_C,334.23359999999997
1277,2021-01-09,apple_4_D,516.5586000000001
1278,2021-01-09,facebook_1_A,2024.8122
1279,2021-01-09,facebook_2_C,498.23800566
1280,2021-01-09,facebook_3_A,1371.8898
1282,2021-01-09,instagram_2_C,150.15559434
1283,2021-01-10,apple_4_D,447.80040000000014
1284,2021-01-10,facebook_1_A,2048.5068
1285,2021-01-10,facebook_1_D,4.335
1286,2021-01-10,facebook_2_C,343.95095946
1287,2021-01-10,facebook_3_A,1331.2530000000002
1288,2021-01-10,instagram_1_D,59.313
1289,2021-01-10,instagram_2_C,260.10324054
1291,2021-01-11,apple_4_D,755.1060000000002
1292,2021-01-11,facebook_1_A,2533.5779999999995
1293,2021-01-11,facebook_1_D,30.855
1294,2021-01-11,facebook_2_C,695.6303028600001
1295,2021-01-11,facebook_3_A,1329.7740000000001
1296,2021-01-11,instagram_1_D,177.56160000000003
1297,2021-01-11,instagram_2_C,545.44449714
1299,2021-01-12,apple_4_D,507.71519999999987
1300,2021-01-12,facebook_1_A,2441.166
1301,2021-01-12,facebook_1_D,37.61605062
1302,2021-01-12,facebook_2_C,790.9049869200002
1303,2021-01-12,facebook_3_A,1329.8046
1304,2021-01-12,instagram_1_D,175.56394938
1305,2021-01-12,instagram_2_C,450.49621307999996
1307,2021-01-13,apple_4_D,534.2862000000001
1308,2021-01-13,facebook_1_A,2407.0674
1309,2021-01-13,facebook_1_D,28.5702
1310,2021-01-13,facebook_2_C,767.5908
1311,2021-01-13,facebook_3_A,1566.3324
1312,2021-01-13,instagram_1_D,182.47799999999998
1313,2021-01-13,instagram_2_C,473.17800000000005
1314,2021-01-14,apple_4_D,473.0862000000001
1315,2021-01-14,facebook_1_A,2335.9122
1316,2021-01-14,facebook_1_D,1.428
1317,2021-01-14,facebook_2_C,599.42419356
1318,2021-01-14,facebook_3_A,1485.5076000000001
1319,2021-01-14,instagram_1_D,26.163
1320,2021-01-14,instagram_2_C,639.1414074600001
1321,2021-01-15,apple_4_D,248.4924
1322,2021-01-15,facebook_1_A,2330.4552000000003
1323,2021-01-15,facebook_2_C,639.59109282
1324,2021-01-15,facebook_3_A,1473.8184
1326,2021-01-15,instagram_2_C,560.14310718
1327,2021-01-16,apple_4_D,202.20479999999992
1328,2021-01-16,facebook_1_A,2317.899
1329,2021-01-16,facebook_1_D,84.43866306
1330,2021-01-16,facebook_2_C,774.5888945400001
1331,2021-01-16,facebook_3_A,1482.3762
1332,2021-01-16,instagram_1_D,36.38033694
1333,2021-01-16,instagram_2_C,457.94850546000004
1334,2021-01-17,apple_4_D,336.00839999999994
1335,2021-01-17,facebook_1_A,2356.3326
1336,2021-01-17,facebook_1_D,104.17150452
1337,2021-01-17,facebook_2_C,709.5834560999998
1338,2021-01-17,facebook_3_A,1536.6708
1339,2021-01-17,instagram_1_D,75.33829548
1340,2021-01-17,instagram_2_C,442.52694390000005
1341,2021-01-18,apple_4_D,323.4828
1342,2021-01-18,facebook_1_A,2352.0281999999997
1343,2021-01-18,facebook_1_D,64.5558
1344,2021-01-18,facebook_2_C,608.36886222
1345,2021-01-18,facebook_3_A,1535.151
1346,2021-01-18,instagram_1_D,114.648
1347,2021-01-18,instagram_2_C,543.35393778
1348,2021-01-19,apple_4_D,888.318
1349,2021-01-19,facebook_1_A,2352.324
1350,2021-01-19,facebook_1_D,6.6708
1351,2021-01-19,facebook_2_C,733.6471889999998
1352,2021-01-19,facebook_3_A,1535.4671999999998
1353,2021-01-19,instagram_1_D,16.371000000000002
1354,2021-01-19,instagram_2_C,762.621411
1357,2021-01-20,apple_4_D,1097.2344000000003
1358,2021-01-20,facebook_1_A,2754.0816
1359,2021-01-20,facebook_1_D,57.16341018000001
1360,2021-01-20,facebook_2_C,551.8302
1361,2021-01-20,facebook_3_A,1532.4684000000002
1362,2021-01-20,instagram_1_D,244.98099084
1363,2021-01-20,instagram_2_C,1271.838
1365,2021-01-21,apple_4_D,846.4164
1366,2021-01-21,facebook_1_A,3012.9575999999997
1367,2021-01-21,facebook_1_D,38.33003022
1368,2021-01-21,facebook_2_C,554.5055682
1369,2021-01-21,facebook_3_A,1564.3434000000002
1370,2021-01-21,instagram_1_D,267.07836978
1371,2021-01-21,instagram_2_C,1576.4478318
1373,2021-01-22,apple_4_D,260.88540000000006
1374,2021-01-22,facebook_1_A,3280.7688000000003
1375,2021-01-22,facebook_1_D,66.1776
1376,2021-01-22,facebook_2_C,607.1346
1377,2021-01-22,facebook_3_A,1663.4364
1378,2021-01-22,instagram_1_D,239.73059999999998
1379,2021-01-22,instagram_2_C,1417.341
1381,2021-01-23,apple_4_D,103.87680000000003
1382,2021-01-23,facebook_1_A,3255.4116
1383,2021-01-23,facebook_1_D,121.93536246000001
1384,2021-01-23,facebook_2_C,691.0500000000001
1385,2021-01-23,facebook_3_A,1646.8512
1386,2021-01-23,instagram_1_D,188.14463448
1387,2021-01-23,instagram_2_C,1319.4414
1389,2021-01-24,apple_4_D,161.65979999999996
1390,2021-01-24,facebook_1_A,3279.5856
1391,2021-01-24,facebook_1_D,103.95993714000001
1392,2021-01-24,facebook_2_C,439.06938054000017
1393,2021-01-24,facebook_3_A,1741.6194
1394,2021-01-24,instagram_1_D,202.71326184
1395,2021-01-24,instagram_2_C,1101.0592194600001
1396,2021-01-25,apple_4_D,148.7364
1397,2021-01-25,facebook_1_A,2834.07
1398,2021-01-25,facebook_1_D,4.8858
1399,2021-01-25,facebook_2_C,280.4795999999999
1400,2021-01-25,facebook_3_A,1740.2934
1401,2021-01-25,instagram_1_D,33.0582
1402,2021-01-25,instagram_2_C,1066.9812
1403,2021-01-26,apple_4_D,171.4416
1404,2021-01-26,facebook_1_A,2763.945
1406,2021-01-26,facebook_2_C,354.00120000000004
1407,2021-01-26,facebook_3_A,1913.6628
1409,2021-01-26,instagram_2_C,1183.6385999999998
1410,2021-01-27,apple_4_D,159.477
1411,2021-01-27,facebook_1_A,2760.8952000000004
1412,2021-01-27,facebook_2_C,302.50107870000005
1413,2021-01-27,facebook_3_A,2387.4222
1415,2021-01-27,instagram_2_C,1320.2271213
1416,2021-01-28,apple_4_D,216.05639999999994
1417,2021-01-28,facebook_1_A,2510.5668
1418,2021-01-28,facebook_2_C,307.3973541
1419,2021-01-28,facebook_3_A,2219.2344
1421,2021-01-28,instagram_2_C,1350.3678458999998
1422,2021-01-29,apple_4_D,286.40579999999994
1423,2021-01-29,facebook_1_A,2446.317
1424,2021-01-29,facebook_2_C,358.5096000000001
1425,2021-01-29,facebook_3_A,2213.8284000000003
1426,2021-01-29,instagram_2_C,1357.008
1429,2021-01-30,apple_4_D,401.41080000000005
1430,2021-01-30,facebook_1_A,2423.7342
1431,2021-01-30,facebook_1_D,113.067
1432,2021-01-30,facebook_2_C,297.99300000000005
1433,2021-01-30,facebook_3_A,2005.1466
1434,2021-01-30,instagram_1_D,116.4534
1435,2021-01-30,instagram_2_C,1403.1426000000001
1437,2021-01-31,apple_4_D,447.18840000000006
1438,2021-01-31,facebook_1_A,2457.6594
1439,2021-01-31,facebook_1_D,99.93960000000003
1440,2021-01-31,facebook_2_C,390.8742
1441,2021-01-31,facebook_3_A,2048.211
1442,2021-01-31,instagram_1_D,130.8354
1443,2021-01-31,instagram_2_C,1374.9396000000002
1445,2021-02-01,apple_4_D,224.34899999999996
1446,2021-02-01,facebook_1_A,2750.634
1447,2021-02-01,facebook_1_D,67.58519999999999
1448,2021-02-01,facebook_2_C,975.2934000000004
1449,2021-02-01,facebook_3_A,2046.681
1450,2021-02-01,instagram_1_D,162.7002
1451,2021-02-01,instagram_2_C,1149.1932000000002
1452,2021-02-02,apple_1_A,129.68280000000001
1454,2021-02-02,apple_4_D,207.50879999999998
1455,2021-02-02,facebook_1_A,2902.8689999999997
1456,2021-02-02,facebook_1_D,7.854000000000001
1457,2021-02-02,facebook_2_C,674.05673982
1458,2021-02-02,facebook_3_A,2201.4252
1459,2021-02-02,instagram_1_D,18.992399999999996
1460,2021-02-02,instagram_2_C,1356.32466018
1461,2021-02-03,apple_1_A,200.2464
1462,2021-02-03,apple_4_D,257.80499999999995
1463,2021-02-03,facebook_1_A,2959.8054
1465,2021-02-03,facebook_2_C,462.70755108
1466,2021-02-03,facebook_3_A,2207.5656000000004
1468,2021-02-03,instagram_2_C,1572.29444892
1469,2021-02-04,apple_1_A,199.56300000000002
1471,2021-02-04,apple_4_D,226.5114
1472,2021-02-04,facebook_1_A,2950.8089999999997
1473,2021-02-04,facebook_2_C,382.8162000000001
1474,2021-02-04,facebook_3_A,2204.985
1476,2021-02-04,instagram_2_C,1534.5084
1477,2021-02-05,apple_1_A,199.5324
1479,2021-02-05,apple_4_D,235.4976
1480,2021-02-05,facebook_1_A,2539.239
1481,2021-02-05,facebook_2_C,373.30979999999994
1482,2021-02-05,facebook_3_A,2198.3142000000003
1484,2021-02-05,instagram_2_C,1522.2174000000002
1485,2021-02-06,apple_1_A,199.3896
1487,2021-02-06,apple_4_D,210.0486
1488,2021-02-06,facebook_1_A,2344.9698
1489,2021-02-06,facebook_1_D,28.886400000000002
1490,2021-02-06,facebook_2_C,366.3126
1491,2021-02-06,facebook_3_A,1644.189
1492,2021-02-06,instagram_1_D,95.00280000000002
1493,2021-02-06,instagram_2_C,1524.4308
1494,2021-02-07,apple_1_A,205.73399999999998
1496,2021-02-07,apple_4_D,149.25660000000002
1497,2021-02-07,facebook_1_A,2163.8892
1498,2021-02-07,facebook_1_D,131.7126
1499,2021-02-07,facebook_2_C,462.0192
1500,2021-02-07,facebook_3_A,1750.1058
1501,2021-02-07,instagram_1_D,177.69420000000002
1502,2021-02-07,instagram_2_C,1491.3012
1503,2021-02-08,apple_1_A,204.49980000000002
1505,2021-02-08,apple_4_D,165.61739999999998
1507,2021-02-08,facebook_1_A,2144.4582
1508,2021-02-08,facebook_1_D,9.9144
1509,2021-02-08,facebook_2_C,494.4858000000001
1510,2021-02-08,facebook_3_A,2157.0144
1511,2021-02-08,instagram_1_D,26.7444
1512,2021-02-08,instagram_2_C,1111.341
1513,2021-02-09,apple_1_A,505.4508
1514,2021-02-09,apple_4_D,151.6026
1516,2021-02-09,facebook_1_A,2995.8726
1517,2021-02-09,facebook_1_D,36.471946200000005
1518,2021-02-09,facebook_2_C,451.04532396
1519,2021-02-09,facebook_3_A,2488.8714
1520,2021-02-09,instagram_1_D,237.4592538
1521,2021-02-09,instagram_2_C,963.6946760400002
1522,2021-02-10,apple_1_A,504.6654
1524,2021-02-10,apple_4_D,138.3528
1526,2021-02-10,facebook_1_A,3052.6662
1527,2021-02-10,facebook_1_D,64.38239999999999
1528,2021-02-10,facebook_2_C,485.55060000000003
1529,2021-02-10,facebook_3_A,2325.4164
1530,2021-02-10,instagram_1_D,234.906
1531,2021-02-10,instagram_2_C,926.9556
1532,2021-02-11,apple_1_A,689.3262
1535,2021-02-11,apple_4_D,177.39839999999995
1536,2021-02-11,apple_5_A,122.75699999999999
1538,2021-02-11,facebook_1_A,3052.5846
1539,2021-02-11,facebook_1_D,75.45826890000001
1540,2021-02-11,facebook_2_C,503.18632451999997
1541,2021-02-11,facebook_3_A,2321.8566
1543,2021-02-11,instagram_1_D,216.65953212000002
1544,2021-02-11,instagram_2_C,910.5132754800001
1545,2021-02-12,apple_1_A,684.2364000000001
1547,2021-02-12,apple_4_D,230.75459999999998
1548,2021-02-12,apple_5_A,300.0024
1550,2021-02-12,facebook_1_A,2584.4352000000003
1551,2021-02-12,facebook_1_D,40.1574
1552,2021-02-12,facebook_2_C,541.0896775200002
1553,2021-02-12,facebook_3_A,2322.3768
1555,2021-02-12,instagram_1_D,155.97840000000002
1556,2021-02-12,instagram_2_C,871.5185224799999
1557,2021-02-13,apple_1_A,504.7878
1558,2021-02-13,apple_4_D,281.9688
1559,2021-02-13,apple_5_A,319.1682
1561,2021-02-13,facebook_1_A,2117.5505999999996
1563,2021-02-13,facebook_2_C,734.1245306400001
1564,2021-02-13,facebook_3_A,1879.4928000000002
1567,2021-02-13,instagram_2_C,672.3534693600001
1568,2021-02-14,apple_1_A,462.8964
1569,2021-02-14,apple_4_D,313.83360000000005
1570,2021-02-14,apple_5_A,308.4378
1572,2021-02-14,facebook_1_A,2060.9916000000003
1573,2021-02-14,facebook_2_C,764.4373557599998
1574,2021-02-14,facebook_3_A,1854.1152
1577,2021-02-14,instagram_2_C,678.38324424
1578,2021-02-15,apple_1_A,460.4178
1579,2021-02-15,apple_4_D,494.16959999999995
1580,2021-02-15,apple_5_A,306.7752
1582,2021-02-15,facebook_1_A,1914.6216
1583,2021-02-15,facebook_2_C,553.5641530800001
1584,2021-02-15,facebook_3_A,2226.4662
1587,2021-02-15,instagram_2_C,510.85684692000007
1588,2021-02-16,apple_1_A,459.0918
1589,2021-02-16,apple_4_D,610.0926000000001
1590,2021-02-16,apple_5_A,486.71340000000004
1592,2021-02-16,facebook_1_A,2058.3089999999997
1593,2021-02-16,facebook_1_D,74.52256985999999
1594,2021-02-16,facebook_2_C,469.13879999999995
1595,2021-02-16,facebook_3_A,2107.4118000000003
1597,2021-02-16,instagram_1_D,180.03883014000002
1598,2021-02-16,instagram_2_C,434.3976
1599,2021-02-17,apple_1_A,458.9082
1601,2021-02-17,apple_4_D,452.29859999999996
1602,2021-02-17,apple_5_A,512.8662
1604,2021-02-17,facebook_1_A,2041.3362000000002
1605,2021-02-17,facebook_1_D,89.0256
1606,2021-02-17,facebook_2_C,456.4602
1607,2021-02-17,facebook_3_A,2106.5856000000003
1609,2021-02-17,instagram_1_D,167.48399999999998
1610,2021-02-17,instagram_2_C,447.27
1611,2021-02-18,apple_1_A,458.6838
1613,2021-02-18,apple_4_D,385.3254
1614,2021-02-18,apple_5_A,512.3562000000001
1616,2021-02-18,facebook_1_A,2039.388
1617,2021-02-18,facebook_1_D,72.50269956000001
1618,2021-02-18,facebook_2_C,489.41302686
1619,2021-02-18,facebook_3_A,2105.331
1621,2021-02-18,instagram_1_D,184.50670043999997
1622,2021-02-18,instagram_2_C,413.29717314
1623,2021-02-19,apple_1_A,581.6754
1624,2021-02-19,apple_4_D,98.62380000000002
1625,2021-02-19,apple_5_A,511.071
1627,2021-02-19,facebook_1_A,2025.1283999999998
1628,2021-02-19,facebook_1_D,11.73
1629,2021-02-19,facebook_2_C,451.8293999999999
1630,2021-02-19,facebook_3_A,2099.925
1633,2021-02-19,instagram_1_D,37.5054
1634,2021-02-19,instagram_2_C,436.5702
1635,2021-02-20,apple_1_A,692.8146
1636,2021-02-20,apple_4_D,118.92180000000002
1637,2021-02-20,apple_5_A,507.92940000000004
1638,2021-02-20,facebook_1_A,2026.638
1640,2021-02-20,facebook_2_C,342.8118
1641,2021-02-20,facebook_3_A,1179.4668
1643,2021-02-20,instagram_2_C,473.05559999999997
1644,2021-02-21,apple_1_A,716.5704
1645,2021-02-21,apple_4_D,158.44680000000002
1646,2021-02-21,apple_5_A,511.836
1647,2021-02-21,facebook_1_A,2046.2118000000003
1648,2021-02-21,facebook_2_C,459.102
1649,2021-02-21,facebook_3_A,1025.8242
1652,2021-02-21,instagram_2_C,354.0624
1653,2021-02-22,apple_1_A,715.9278
1654,2021-02-22,apple_4_D,124.82760000000002
1655,2021-02-22,apple_5_A,498.882
1656,2021-02-22,facebook_1_A,1389.5052
1657,2021-02-22,facebook_2_C,108.33420000000001
1658,2021-02-22,facebook_3_A,1022.3868
1660,2021-02-22,instagram_2_C,710.4504000000001
1661,2021-02-23,apple_1_A,715.3872
1662,2021-02-23,apple_4_D,111.51660000000001
1663,2021-02-23,apple_5_A,238.4352
1664,2021-02-23,facebook_1_A,1331.8038000000001
1665,2021-02-23,facebook_2_C,90.58858679999999
1666,2021-02-23,facebook_3_A,1024.692
1668,2021-02-23,instagram_2_C,729.1650132
1669,2021-02-24,apple_1_A,1073.8458
1670,2021-02-24,apple_4_D,125.7354
1671,2021-02-24,apple_5_A,197.4516
1672,2021-02-24,facebook_1_A,1329.9066
1673,2021-02-24,facebook_2_C,146.523
1674,2021-02-24,facebook_3_A,1023.8556
1676,2021-02-24,facebook_5_D,98.7972
1678,2021-02-24,instagram_2_C,660.4704
1679,2021-02-25,apple_1_A,1723.5959999999998
1680,2021-02-25,apple_4_D,103.428
1681,2021-02-25,apple_5_A,202.8882
1682,2021-02-25,facebook_1_A,527.5542
1683,2021-02-25,facebook_2_C,115.56539412
1684,2021-02-25,facebook_3_A,1021.0098
1686,2021-02-25,facebook_5_D,103.07100000000001
1687,2021-02-25,instagram_2_C,705.8100058800001
1688,2021-02-26,apple_1_A,2092.9992
1689,2021-02-26,apple_4_D,127.58160000000001
1690,2021-02-26,apple_5_A,202.8066
1692,2021-02-26,facebook_2_C,134.69468628
1693,2021-02-26,facebook_3_A,1016.9298
1695,2021-02-26,facebook_5_D,103.56060000000001
1696,2021-02-26,instagram_2_C,686.50731372
1697,2021-02-27,apple_1_A,2071.3548
1698,2021-02-27,apple_4_D,104.75399999999999
1699,2021-02-27,apple_5_A,209.8956
1701,2021-02-27,facebook_1_D,121.09440000000001
1702,2021-02-27,facebook_2_C,190.31160000000003
1703,2021-02-27,facebook_3_A,1005.3018000000001
1705,2021-02-27,facebook_5_D,102.4488
1706,2021-02-27,instagram_1_D,133.6506
1707,2021-02-27,instagram_2_C,620.415
1708,2021-02-28,apple_1_A,2100.8837999999996
1709,2021-02-28,apple_4_D,107.86500000000002
1710,2021-02-28,apple_5_A,204.68339999999998
1712,2021-02-28,facebook_1_D,111.0372
1713,2021-02-28,facebook_2_C,112.17960000000002
1714,2021-02-28,facebook_3_A,1025.3142
1716,2021-02-28,facebook_5_D,16.136400000000002
1717,2021-02-28,instagram_1_D,145.8294
1718,2021-02-28,instagram_2_C,708.4308
1719,2021-03-01,apple_1_A,3586.2078000000006
1720,2021-03-01,apple_4_D,149.52180000000004
1721,2021-03-01,apple_5_A,621.231
1723,2021-03-01,facebook_1_D,92.58539999999999
1724,2021-03-01,facebook_2_C,44.29860000000001
1725,2021-03-01,facebook_3_A,260.5284
1728,2021-03-01,instagram_1_D,163.73039999999997
1729,2021-03-01,instagram_2_C,774.8532000000001
1730,2021-03-02,apple_1_A,3966.9126
1731,2021-03-02,apple_4_D,92.98320000000001
1732,2021-03-02,apple_5_A,717.8352
1734,2021-03-02,facebook_1_D,9.4146
1735,2021-03-02,facebook_2_C,53.04
1739,2021-03-02,instagram_1_D,19.420800000000003
1740,2021-03-02,instagram_2_C,765.4590000000001
1741,2021-03-03,apple_1_A,3965.9231999999997
1742,2021-03-03,apple_4_D,136.03739999999996
1743,2021-03-03,apple_5_A,704.4936
1745,2021-03-03,facebook_2_C,50.43900000000001
1749,2021-03-03,instagram_2_C,765.9792000000001
1750,2021-03-04,apple_1_A,4114.4454
1752,2021-03-04,apple_4_D,409.69319999999993
1753,2021-03-04,apple_5_A,701.4336
1755,2021-03-04,facebook_1_D,129.79500000000002
1756,2021-03-04,facebook_2_C,83.232
1759,2021-03-04,instagram_1_D,253.9902
1760,2021-03-04,instagram_2_C,734.5224
1761,2021-03-05,apple_1_A,4494.548400000001
1762,2021-03-05,apple_4_D,403.32840000000004
1763,2021-03-05,apple_5_A,728.688
1765,2021-03-05,facebook_1_D,27.499200000000002
1766,2021-03-05,facebook_2_C,148.60380000000004
1770,2021-03-05,instagram_1_D,22.7664
1771,2021-03-05,instagram_2_C,665.4888000000001
1772,2021-03-06,apple_1_A,4153.327799999999
1773,2021-03-06,apple_4_D,384.7848000000001
1774,2021-03-06,apple_5_A,550.5348
1776,2021-03-06,facebook_2_C,232.83558258
1778,2021-03-06,instagram_2_C,613.68281742
1779,2021-03-07,apple_1_A,4450.515
1780,2021-03-07,apple_4_D,435.10140000000007
1781,2021-03-07,apple_5_A,307.1526
1783,2021-03-07,facebook_2_C,258.38640000000004
1787,2021-03-07,instagram_2_C,868.785
1788,2021-03-08,apple_1_A,4196.0964
1789,2021-03-08,apple_4_D,732.9006000000003
1790,2021-03-08,apple_5_A,300.1248
1792,2021-03-08,facebook_2_C,99.64378266
1795,2021-03-08,instagram_2_C,1024.16161734
1796,2021-03-09,apple_1_A,4835.973
1797,2021-03-09,apple_4_D,446.46420000000006
1798,2021-03-09,apple_5_A,307.0404
1800,2021-03-09,facebook_2_C,101.0412
1802,2021-03-09,instagram_2_C,1025.4468
1803,2021-03-10,apple_1_A,5213.6994
1805,2021-03-10,apple_4_D,396.39239999999995
1806,2021-03-10,apple_5_A,301.8078
1808,2021-03-10,facebook_1_D,75.25884972
1809,2021-03-10,facebook_2_C,202.89858461999998
1811,2021-03-10,instagram_1_D,181.46494926
1812,2021-03-10,instagram_2_C,924.11981538
1814,2021-03-11,apple_4_D,363.4973999999999
1815,2021-03-11,facebook_1_A,5525.136
1816,2021-03-11,facebook_1_D,58.70100000000001
1817,2021-03-11,facebook_2_C,174.17514390000002
1818,2021-03-11,facebook_5_A,310.2024
1819,2021-03-11,instagram_1_D,197.5128
1820,2021-03-11,instagram_2_C,949.6914561000001
1822,2021-03-12,apple_4_D,369.39299999999974
1823,2021-03-12,facebook_1_A,5571.454199999999
1824,2021-03-12,facebook_1_D,71.62270578
1825,2021-03-12,facebook_2_C,180.3460521
1826,2021-03-12,facebook_5_A,308.9784
1827,2021-03-12,instagram_1_D,183.43849524
1828,2021-03-12,instagram_2_C,939.8383479000001
1830,2021-03-13,apple_4_D,364.81319999999994
1831,2021-03-13,facebook_1_A,5623.6374
1832,2021-03-13,facebook_1_D,85.9490658
1833,2021-03-13,facebook_2_C,184.80521568000003
1834,2021-03-13,facebook_5_A,306.6936
1835,2021-03-13,instagram_1_D,165.70533624
1836,2021-03-13,instagram_2_C,920.6605843199998
1837,2021-03-14,apple_4_D,388.24259999999987
1838,2021-03-14,facebook_1_A,5820.6096
1839,2021-03-14,facebook_1_D,10.3632
1840,2021-03-14,facebook_2_C,160.21429986
1841,2021-03-14,facebook_5_A,308.2848
1842,2021-03-14,instagram_1_D,25.6224
1843,2021-03-14,instagram_2_C,971.4247001400001
1844,2021-03-15,apple_4_D,275.14499999999987
1845,2021-03-15,facebook_1_A,6080.7606000000005
1847,2021-03-15,facebook_2_C,179.86679999999998
1848,2021-03-15,facebook_5_A,205.1322
1850,2021-03-15,instagram_2_C,944.8056
1851,2021-03-16,apple_4_D,270.198
1852,2021-03-16,facebook_1_A,6031.8516
1853,2021-03-16,facebook_2_C,170.73481854000002
1854,2021-03-16,facebook_5_A,181.0296
1856,2021-03-16,instagram_2_C,953.5703814599999
1857,2021-03-17,apple_4_D,214.30199999999994
1858,2021-03-17,facebook_1_A,5981.3412
1859,2021-03-17,facebook_2_C,190.72795482000004
1860,2021-03-17,facebook_5_A,337.365
1862,2021-03-17,instagram_2_C,936.07624518
1863,2021-03-18,apple_4_D,239.4756
1864,2021-03-18,facebook_1_A,5817.9474
1865,2021-03-18,facebook_2_C,204.5508
1866,2021-03-18,facebook_5_A,328.2156
1868,2021-03-18,instagram_2_C,919.6524000000002
1869,2021-03-19,apple_4_D,136.8534
1870,2021-03-19,facebook_1_A,5480.8374
1871,2021-03-19,facebook_2_C,219.39182754
1872,2021-03-19,facebook_5_A,166.82100000000003
1874,2021-03-19,instagram_2_C,903.0671724599998
1875,2021-03-20,apple_4_D,139.14839999999998
1876,2021-03-20,facebook_1_A,5713.8156
1877,2021-03-20,facebook_2_C,226.03201632000003
1878,2021-03-20,facebook_5_A,352.7364
1880,2021-03-20,instagram_2_C,873.8849836799999
1881,2021-03-21,apple_4_D,169.23840000000004
1882,2021-03-21,facebook_1_A,6011.849399999999
1883,2021-03-21,facebook_2_C,237.2928
1884,2021-03-21,facebook_5_A,301.13460000000003
1885,2021-03-21,instagram_2_C,892.0206
1886,2021-03-22,apple_4_D,159.70139999999998
1887,2021-03-22,facebook_1_A,5849.0472
1888,2021-03-22,facebook_2_C,246.432
1889,2021-03-22,facebook_5_A,294.6372
1890,2021-03-22,instagram_2_C,879.5358000000001
1891,2021-03-23,apple_4_D,120.81899999999999
1892,2021-03-23,facebook_1_A,5852.5458
1893,2021-03-23,facebook_2_C,529.0841999999999
1894,2021-03-23,facebook_5_A,271.38120000000004
1895,2021-03-23,instagram_2_C,594.4254
1896,2021-03-24,apple_4_D,178.52040000000002
1897,2021-03-24,facebook_1_A,5729.9622
1898,2021-03-24,facebook_2_C,443.52647351999997
1899,2021-03-24,facebook_5_A,223.1148
1900,2021-03-24,instagram_2_C,679.71792648
1901,2021-03-25,apple_4_D,178.53059999999996
1902,2021-03-25,facebook_1_A,6322.837200000001
1903,2021-03-25,facebook_2_C,486.122565
1904,2021-03-25,facebook_5_A,232.3968
1905,2021-03-25,instagram_2_C,639.131235
1907,2021-03-26,apple_4_D,149.2974
1908,2021-03-26,facebook_1_A,7119.9774
1909,2021-03-26,facebook_1_D,100.5516
1910,2021-03-26,facebook_2_C,602.0856000000001
1911,2021-03-26,facebook_5_A,192.6678
1912,2021-03-26,instagram_1_D,106.4472
1913,2021-03-26,instagram_2_C,514.9878
1914,2021-03-27,apple_4_D,99.66420000000001
1915,2021-03-27,facebook_1_A,6839.2836
1916,2021-03-27,facebook_1_D,133.80360000000002
1917,2021-03-27,facebook_2_C,527.1360000000001
1918,2021-03-27,facebook_5_A,119.2074
1919,2021-03-27,instagram_1_D,66.9426
1920,2021-03-27,instagram_2_C,582.5015999999999
1922,2021-03-28,apple_4_D,145.31940000000003
1923,2021-03-28,facebook_1_A,7216.4388
1924,2021-03-28,facebook_1_D,122.094
1925,2021-03-28,facebook_2_C,258.26400000000007
1926,2021-03-28,facebook_5_A,110.10900000000001
1927,2021-03-28,instagram_1_D,83.3034
1928,2021-03-28,instagram_2_C,869.7744
1929,2021-03-29,apple_4_D,133.73219999999998
1930,2021-03-29,facebook_1_A,6788.1
1931,2021-03-29,facebook_1_D,4.335
1932,2021-03-29,facebook_2_C,114.35220000000001
1933,2021-03-29,facebook_5_A,107.5182
1934,2021-03-29,instagram_1_D,9.9042
1935,2021-03-29,instagram_2_C,1013.7780000000001
1936,2021-03-30,apple_4_D,146.3292
1937,2021-03-30,facebook_1_A,6373.7555999999995
1938,2021-03-30,facebook_2_C,272.78887445999993
1939,2021-03-30,facebook_5_A,85.3434
1940,2021-03-30,instagram_2_C,852.3017255399999
1941,2021-03-31,apple_4_D,167.9838
1942,2021-03-31,facebook_1_A,5788.591799999999
1943,2021-03-31,facebook_2_C,479.43084276
1944,2021-03-31,facebook_5_A,88.434
1946,2021-03-31,instagram_2_C,644.01755724
1947,2021-04-01,apple_4_D,159.783
1948,2021-04-01,facebook_1_A,5130.7734
1949,2021-04-01,facebook_1_D,17.13632232
1950,2021-04-01,facebook_2_C,553.4819023200001
1951,2021-04-01,facebook_5_A,146.1252
1952,2021-04-01,instagram_1_D,167.30007768
1953,2021-04-01,instagram_2_C,566.6412976800001
1954,2021-04-02,apple_4_D,128.44860000000003
1955,2021-04-02,facebook_1_A,4821.2544
1956,2021-04-02,facebook_1_D,14.331000000000001
1957,2021-04-02,facebook_2_C,541.9464
1958,2021-04-02,facebook_5_A,101.8878
1959,2021-04-02,instagram_1_D,169.34040000000002
1960,2021-04-02,instagram_2_C,578.0952
1962,2021-04-03,apple_4_D,150.03179999999998
1963,2021-04-03,facebook_1_A,4701.333
1964,2021-04-03,facebook_1_D,13.107
1965,2021-04-03,facebook_2_C,706.0642510800001
1966,2021-04-03,facebook_5_A,96.1656
1967,2021-04-03,instagram_1_D,169.3914
1968,2021-04-03,instagram_2_C,403.06334892000007
1969,2021-04-04,apple_4_D,159.53820000000002
1970,2021-04-04,facebook_1_A,5479.919400000001
1971,2021-04-04,facebook_1_D,9.078000000000001
1972,2021-04-04,facebook_2_C,622.12880706
1973,2021-04-04,facebook_5_A,175.0524
1974,2021-04-04,instagram_1_D,175.28700000000003
1975,2021-04-04,instagram_2_C,516.80319294
1976,2021-04-05,apple_4_D,223.24739999999997
1977,2021-04-05,facebook_1_A,5463.966600000001
1978,2021-04-05,facebook_1_D,6.00756132
1979,2021-04-05,facebook_2_C,428.57361114
1980,2021-04-05,facebook_5_A,275.196
1981,2021-04-05,instagram_1_D,178.0616397
1982,2021-04-05,instagram_2_C,704.6361888600002
1983,2021-04-06,apple_4_D,144.56459999999998
1984,2021-04-06,facebook_1_A,5438.354399999999
1985,2021-04-06,facebook_1_D,1.1016000000000001
1986,2021-04-06,facebook_2_C,376.5942
1987,2021-04-06,facebook_5_A,317.3628
1988,2021-04-06,instagram_1_D,20.8386
1989,2021-04-06,instagram_2_C,744.8141999999999
1990,2021-04-07,apple_4_D,112.43460000000003
1991,2021-04-07,facebook_1_A,5213.3322
1993,2021-04-07,facebook_2_C,595.5371999999999
1994,2021-04-07,facebook_5_A,317.3526
1996,2021-04-07,instagram_2_C,1236.852
1997,2021-04-08,apple_4_D,158.4672
1998,2021-04-08,facebook_1_A,5506.9187999999995
1999,2021-04-08,facebook_2_C,668.1407510399997
2000,2021-04-08,facebook_5_A,230.97899999999998
2001,2021-04-08,instagram_2_C,1208.5164489600002
2002,2021-04-09,apple_4_D,61.98540000000001
2003,2021-04-09,facebook_1_A,5993.316000000001
2004,2021-04-09,facebook_2_C,768.2538662999999
2005,2021-04-09,facebook_5_A,166.4844
2007,2021-04-09,instagram_2_C,1017.0419336999998
2008,2021-04-10,apple_4_D,81.192
2009,2021-04-10,facebook_1_A,6130.914
2010,2021-04-10,facebook_1_D,97.614
2011,2021-04-10,facebook_2_C,698.1697703399998
2012,2021-04-10,facebook_5_A,145.20720000000003
2013,2021-04-10,instagram_1_D,85.48620000000001
2014,2021-04-10,instagram_2_C,1355.83482966
2016,2021-04-11,apple_4_D,103.5912
2017,2021-04-11,facebook_1_A,6094.7754
2018,2021-04-11,facebook_1_D,218.688
2019,2021-04-11,facebook_2_C,775.2510000000001
2020,2021-04-11,facebook_5_A,171.4314
2021,2021-04-11,instagram_1_D,151.17419999999998
2022,2021-04-11,instagram_2_C,1657.0001999999997
2024,2021-04-12,apple_4_D,144.31980000000004
2025,2021-04-12,facebook_1_A,6414.2904
2026,2021-04-12,facebook_1_D,225.60712206
2027,2021-04-12,facebook_2_C,749.9039245199999
2028,2021-04-12,facebook_5_A,288.915
2029,2021-04-12,instagram_1_D,143.30647794
2030,2021-04-12,instagram_2_C,1893.67087548
2032,2021-04-13,apple_4_D,293.2602
2033,2021-04-13,facebook_1_A,6203.5686000000005
2034,2021-04-13,facebook_1_D,218.13344028
2035,2021-04-13,facebook_2_C,944.8075288199999
2036,2021-04-13,facebook_5_A,306.6426
2037,2021-04-13,instagram_1_D,144.2419587
2038,2021-04-13,instagram_2_C,1818.70907118
2039,2021-04-14,apple_4_D,390.3743999999999
2040,2021-04-14,facebook_1_A,6441.6366
2041,2021-04-14,facebook_1_D,16.8504
2042,2021-04-14,facebook_2_C,1021.7994625800002
2043,2021-04-14,facebook_5_A,306.5814
2044,2021-04-14,instagram_1_D,14.484
2045,2021-04-14,instagram_2_C,2333.0825374200003
2046,2021-04-15,apple_4_D,340.3026000000001
2047,2021-04-15,facebook_1_A,6464.780400000001
2049,2021-04-15,facebook_2_C,1689.26954628
2050,2021-04-15,facebook_5_A,306.0
2052,2021-04-15,instagram_2_C,2543.3326537199996
2054,2021-04-16,apple_4_D,392.9856
2055,2021-04-16,facebook_1_A,6441.1164
2056,2021-04-16,facebook_1_D,272.52340926000005
2057,2021-04-16,facebook_2_C,2495.9198243999995
2058,2021-04-16,facebook_5_A,305.5308
2059,2021-04-16,instagram_1_D,91.99399074000002
2060,2021-04-16,instagram_2_C,2451.4371735600007
2061,2021-04-17,apple_4_D,275.74680000000006
2062,2021-04-17,facebook_1_A,6357.1908
2063,2021-04-17,facebook_1_D,293.00943708
2064,2021-04-17,facebook_2_C,2851.4999895000005
2065,2021-04-17,facebook_5_A,303.7662
2066,2021-04-17,instagram_1_D,76.49576292
2067,2021-04-17,instagram_2_C,2138.5746105000003
2069,2021-04-18,apple_4_D,321.5448
2070,2021-04-18,facebook_1_A,6231.373799999999
2071,2021-04-18,facebook_1_D,297.5646
2072,2021-04-18,facebook_2_C,2464.46313558
2073,2021-04-18,facebook_5_A,234.5796
2074,2021-04-18,instagram_1_D,68.43180000000001
2075,2021-04-18,instagram_2_C,2414.9210634000005
2077,2021-04-19,apple_4_D,315.537
2078,2021-04-19,facebook_1_A,5697.6996
2079,2021-04-19,facebook_1_D,55.6716
2080,2021-04-19,facebook_2_C,476.6358
2081,2021-04-19,facebook_5_A,25.8468
2082,2021-04-19,instagram_1_D,12.576600000000003
2083,2021-04-19,instagram_2_C,509.7449999999999
2085,2021-04-20,apple_4_D,329.3988
2086,2021-04-20,facebook_1_A,5511.937199999999
2087,2021-04-20,facebook_1_D,9.18
2088,2021-04-20,facebook_2_C,2278.3331847
2090,2021-04-20,instagram_1_D,0.1326
2091,2021-04-20,instagram_2_C,3544.979415300001
2093,2021-04-21,apple_4_D,327.30779999999993
2094,2021-04-21,facebook_1_A,5192.656800000001
2095,2021-04-21,facebook_1_D,377.5060626599999
2096,2021-04-21,facebook_2_C,1494.31443606
2098,2021-04-21,instagram_1_D,35.063537339999996
2099,2021-04-21,instagram_2_C,3518.3735302799987
2101,2021-04-22,apple_4_D,289.56780000000003
2102,2021-04-22,facebook_1_A,5006.8128
2103,2021-04-22,facebook_1_D,395.34519048
2104,2021-04-22,facebook_2_C,1613.01042642
2106,2021-04-22,instagram_1_D,17.448810539999997
2107,2021-04-22,instagram_2_C,3647.4967735799996
2109,2021-04-23,apple_4_D,336.8856
2110,2021-04-23,facebook_1_A,4973.5812
2111,2021-04-23,facebook_1_D,390.67988286
2112,2021-04-23,facebook_2_C,1119.5565451199998
2113,2021-04-23,instagram_1_D,19.951717140000003
2114,2021-04-23,instagram_2_C,2075.2466548800003
2116,2021-04-24,apple_4_D,362.712
2117,2021-04-24,facebook_1_A,4846.1526
2118,2021-04-24,facebook_1_D,203.00521644000005
2119,2021-04-24,facebook_2_C,908.6598202199997
2120,2021-04-24,instagram_1_D,11.776184579999999
2121,2021-04-24,instagram_2_C,1665.9221797799996
2123,2021-04-25,apple_4_D,322.1364
2124,2021-04-25,facebook_1_A,5538.0186
2126,2021-04-25,facebook_2_C,1176.03514464
2128,2021-04-25,instagram_2_C,2941.8578553600005
2129,2021-04-26,apple_4_D,312.3546
2130,2021-04-26,facebook_1_A,5532.337200000001
2132,2021-04-26,facebook_2_C,1231.8056183399995
2133,2021-04-26,instagram_2_C,3501.3309826800005
2134,2021-04-27,apple_4_D,384.2645999999999
2135,2021-04-27,facebook_1_A,5125.1736
2137,2021-04-27,facebook_2_C,1760.7327791399998
2138,2021-04-27,instagram_2_C,2949.90262086
2140,2021-04-28,apple_4_D,310.3553999999999
2141,2021-04-28,facebook_1_A,4852.089
2143,2021-04-28,facebook_2_C,1295.2205626199993
2144,2021-04-28,instagram_2_C,1208.75703636
2147,2021-04-29,apple_4_D,852.4037999999998
2148,2021-04-29,facebook_1_A,4892.1341999999995
2149,2021-04-29,facebook_1_D,364.16473907999995
2150,2021-04-29,facebook_2_C,1317.99292146
2151,2021-04-29,instagram_1_D,42.69285888
2152,2021-04-29,instagram_2_C,1409.3236266000001
2154,2021-04-30,apple_4_D,1106.7611999999997
2155,2021-04-30,facebook_1_A,4548.8022
2156,2021-04-30,facebook_1_D,371.5733928
2157,2021-04-30,facebook_2_C,1146.5802292799992
2158,2021-04-30,instagram_1_D,39.48660108
2159,2021-04-30,instagram_2_C,1306.51977174
2161,2021-05-01,apple_4_D,1120.1129999999996
2162,2021-05-01,facebook_1_A,4489.1526
2163,2021-05-01,facebook_1_D,354.42124926
2164,2021-05-01,facebook_2_C,1333.4468567999998
2165,2021-05-01,instagram_1_D,51.253149719999996
2166,2021-05-01,instagram_2_C,1478.7747431999999
2168,2021-05-02,apple_4_D,1267.962
2169,2021-05-02,facebook_1_A,4622.2116
2170,2021-05-02,facebook_1_D,366.82368834000005
2171,2021-05-02,facebook_2_C,1277.38363698
2172,2021-05-02,instagram_1_D,41.7577086
2173,2021-05-02,instagram_2_C,1594.2631569000002
2175,2021-05-03,apple_4_D,1150.815
2176,2021-05-03,facebook_1_A,4614.939
2177,2021-05-03,facebook_1_D,37.684703760000005
2178,2021-05-03,facebook_2_C,1592.77225452
2179,2021-05-03,instagram_1_D,4.8186962399999995
2180,2021-05-03,instagram_2_C,2476.8951352800004
2182,2021-05-04,apple_4_D,1379.5296000000003
2183,2021-05-04,facebook_1_A,4782.0456
2185,2021-05-04,facebook_2_C,1398.4824035999998
2187,2021-05-04,instagram_2_C,2482.7297923200003
2189,2021-05-05,apple_4_D,1237.7495999999992
2190,2021-05-05,facebook_1_A,5447.7078
2192,2021-05-05,facebook_2_C,1337.6908167000001
2193,2021-05-05,instagram_2_C,2592.675181260001
2195,2021-05-06,apple_4_D,1589.6904000000002
2196,2021-05-06,facebook_1_A,5435.1822
2198,2021-05-06,facebook_2_C,1287.5431776600003
2199,2021-05-06,instagram_2_C,2833.6852213200004
2201,2021-05-07,apple_4_D,1259.5673999999997
2202,2021-05-07,facebook_1_A,5376.6036
2203,2021-05-07,facebook_1_D,193.0962
2204,2021-05-07,facebook_2_C,1412.4096060000002
2205,2021-05-07,instagram_1_D,55.386
2206,2021-05-07,instagram_2_C,1910.5769807400002
2208,2021-05-08,apple_4_D,1273.9799999999993
2209,2021-05-08,facebook_1_A,5404.2966
2210,2021-05-08,facebook_1_D,179.95860000000002
2211,2021-05-08,facebook_2_C,1252.8120073199998
2212,2021-05-08,instagram_1_D,60.9756
2213,2021-05-08,instagram_2_C,1691.76479268
2216,2021-05-09,apple_4_D,1532.6316000000002
2217,2021-05-09,facebook_1_A,5439.078600000001
2218,2021-05-09,facebook_1_D,191.7192
2219,2021-05-09,facebook_2_C,1501.9499999999996
2220,2021-05-09,instagram_1_D,56.385600000000004
2221,2021-05-09,instagram_2_C,2235.1362
2223,2021-05-10,apple_4_D,1902.6978000000008
2224,2021-05-10,facebook_1_A,5430.5616
2225,2021-05-10,facebook_1_D,205.07814714
2226,2021-05-10,facebook_2_C,1330.4799379200003
2227,2021-05-10,instagram_1_D,42.83285286
2228,2021-05-10,instagram_2_C,2141.18164176
2230,2021-05-11,apple_4_D,1857.5831999999998
2231,2021-05-11,facebook_1_A,5353.6842
2232,2021-05-11,facebook_1_D,22.42484076
2233,2021-05-11,facebook_2_C,1182.7014994799995
2234,2021-05-11,instagram_1_D,10.082558220000001
2235,2021-05-11,instagram_2_C,2388.4714964399996
2237,2021-05-12,apple_4_D,1556.6322000000005
2238,2021-05-12,facebook_1_A,5445.2393999999995
2240,2021-05-12,facebook_2_C,1146.4494000000002
2242,2021-05-12,instagram_2_C,2350.6512
2244,2021-05-13,apple_4_D,1386.4757999999997
2245,2021-05-13,facebook_1_A,5444.301
2247,2021-05-13,facebook_2_C,942.3203863199998
2248,2021-05-13,instagram_2_C,2559.686413679999
2250,2021-05-14,apple_4_D,1313.7497999999998
2251,2021-05-14,facebook_1_A,5390.230800000001
2252,2021-05-14,facebook_2_C,967.7156506800002
2254,2021-05-14,instagram_2_C,2457.2504075399993
2256,2021-05-15,apple_4_D,1371.2880000000007
2257,2021-05-15,facebook_1_A,5338.9044
2258,2021-05-15,facebook_2_C,880.0356000000005
2259,2021-05-15,instagram_2_C,2571.6546000000003
2261,2021-05-16,apple_4_D,1593.7296000000006
2262,2021-05-16,facebook_1_A,5833.3086
2263,2021-05-16,facebook_2_C,520.6080000000001
2264,2021-05-16,instagram_2_C,2359.8108
2267,2021-05-17,apple_4_D,1302.1116000000004
2268,2021-05-17,facebook_1_A,6062.6046
2269,2021-05-17,facebook_1_D,358.071
2270,2021-05-17,facebook_2_C,471.6378000000001
2271,2021-05-17,instagram_1_D,128.2854
2272,2021-05-17,instagram_2_C,2373.8052
2274,2021-05-18,apple_4_D,1547.6256000000003
2275,2021-05-18,facebook_1_A,6526.5822
2276,2021-05-18,facebook_1_D,364.1706
2277,2021-05-18,facebook_2_C,418.09094262
2278,2021-05-18,instagram_1_D,124.7868
2279,2021-05-18,instagram_2_C,2414.5510573799997
2282,2021-05-19,apple_4_D,1255.0998
2283,2021-05-19,facebook_1_A,6238.1466
2284,2021-05-19,facebook_1_D,399.79920000000004
2285,2021-05-19,facebook_2_C,492.8351625600001
2286,2021-05-19,instagram_1_D,93.4932
2287,2021-05-19,instagram_2_C,2333.7786374399993
2288,2021-05-20,apple_4_D,1169.8685999999993
2289,2021-05-20,facebook_1_A,6368.5434000000005
2290,2021-05-20,facebook_1_D,448.5348
2291,2021-05-20,facebook_2_C,554.26806528
2292,2021-05-20,instagram_1_D,45.8796
2293,2021-05-20,instagram_2_C,2240.76653472
2295,2021-05-21,apple_4_D,1113.0036000000002
2296,2021-05-21,facebook_1_A,5883.655800000001
2297,2021-05-21,facebook_1_D,53.5398
2298,2021-05-21,facebook_2_C,416.5374
2299,2021-05-21,instagram_1_D,2.8050000000000006
2300,2021-05-21,instagram_2_C,1640.8536000000001
2301,2021-05-22,apple_4_D,1084.0866
2302,2021-05-22,facebook_1_A,6110.656800000001
2304,2021-05-22,facebook_2_C,523.0867264799998
2306,2021-05-22,instagram_2_C,2187.8386735200006
2308,2021-05-23,apple_4_D,1186.158
2309,2021-05-23,facebook_1_A,6371.4402
2311,2021-05-23,facebook_2_C,600.8003999999997
2312,2021-05-23,instagram_2_C,2285.3508
2313,2021-05-24,apple_4_D,1093.4298000000006
2314,2021-05-24,facebook_1_A,4610.9814
2316,2021-05-24,facebook_2_C,564.9712363800003
2317,2021-05-24,instagram_2_C,1347.7633636199998
2319,2021-05-25,apple_4_D,1049.7329999999997
2320,2021-05-25,facebook_1_A,4818.8676000000005
2321,2021-05-25,facebook_1_D,89.8314
2322,2021-05-25,facebook_2_C,562.1424000000002
2323,2021-05-25,instagram_1_D,155.7234
2324,2021-05-25,instagram_2_C,1253.4984
2325,2021-05-26,apple_4_D,1170.654
2326,2021-05-26,facebook_1_A,5416.862999999999
2327,2021-05-26,facebook_1_D,102.17339999999999
2328,2021-05-26,facebook_2_C,637.653
2329,2021-05-26,instagram_1_D,145.5846
2330,2021-05-26,instagram_2_C,1179.7523999999999
2332,2021-05-27,apple_4_D,974.7324000000002
2333,2021-05-27,facebook_1_A,6489.015600000001
2334,2021-05-27,facebook_1_D,109.5072
2335,2021-05-27,facebook_2_C,870.5904
2336,2021-05-27,instagram_1_D,136.4148
2337,2021-05-27,instagram_2_C,2133.6461999999997
2340,2021-05-28,apple_4_D,836.5835999999997
2342,2021-05-28,facebook_1_A,6158.964
2343,2021-05-28,facebook_1_D,114.954
2344,2021-05-28,facebook_2_C,741.5297999999999
2345,2021-05-28,instagram_1_D,130.3662
2346,2021-05-28,instagram_2_C,1422.0125999999998
2348,2021-05-29,apple_4_D,760.1447999999999
2349,2021-05-29,facebook_1_A,6092.4498
2350,2021-05-29,facebook_1_D,58.629599999999996
2351,2021-05-29,facebook_2_C,635.4600000000002
2352,2021-05-29,instagram_1_D,66.3306
2353,2021-05-29,instagram_2_C,1478.7042
2354,2021-05-30,apple_4_D,943.9793999999999
2355,2021-05-30,facebook_1_A,6281.9556
2357,2021-05-30,facebook_2_C,924.0590886599998
2359,2021-05-30,instagram_2_C,1593.5967113400002
2361,2021-05-31,apple_4_D,1129.2828000000002
2362,2021-05-31,facebook_1_A,5778.861
2364,2021-05-31,facebook_2_C,939.49288614
2366,2021-05-31,instagram_2_C,1087.1757128399997
2369,2021-06-01,apple_4_D,1124.3664000000003
2370,2021-06-01,facebook_1_A,5220.747600000001
2371,2021-06-01,facebook_1_D,203.9592
2372,2021-06-01,facebook_2_C,1126.4117080799995
2373,2021-06-01,instagram_1_D,123.8892
2374,2021-06-01,instagram_2_C,802.0308919199999
2377,2021-06-02,apple_4_D,1045.1328
2378,2021-06-02,facebook_1_A,4996.4802
2379,2021-06-02,facebook_1_D,140.35103712000003
2380,2021-06-02,facebook_2_C,1675.80289122
2381,2021-06-02,instagram_1_D,188.95596084
2382,2021-06-02,instagram_2_C,973.2390894000004
2385,2021-06-03,apple_4_D,979.0470000000005
2386,2021-06-03,facebook_1_A,5269.8504
2387,2021-06-03,facebook_1_D,137.42799864000003
2388,2021-06-03,facebook_2_C,2421.173578740001
2389,2021-06-03,instagram_1_D,190.21638708000006
2390,2021-06-03,instagram_2_C,912.0729003600002
2393,2021-06-04,apple_4_D,853.2707999999999
2394,2021-06-04,facebook_1_A,5242.41237654
2395,2021-06-04,facebook_1_D,115.94586840000001
2396,2021-06-04,facebook_2_C,2263.9926487200005
2397,2021-06-04,instagram_1_D,186.38856372
2398,2021-06-04,instagram_2_C,851.6038619400001
